,0,1,2,3,4,5,6,7,8,9,10,11,12,13
0,33,80.0,0.1875,0.4688,0.3438,10.5381,9.0141,9.6361,89.9997,90.0003,90.0006,0.787008921310315,0.787008921310315,0.187211811542511
1,33,80.0,0.75,0.25,0.0,9.8938,8.5014,9.1298,90.0038,90.0023,90.0015,0.787008921310315,0.787008921310315,0.0585845410823822
2,167,30.0,0.6667,0.1667,0.1667,4.9811,4.9808,13.4799,89.99,90.0109,120.0014,1.0633874388063722,1.0633874388063722,0.14396217465400696
3,12,80.0,0.5625,0.4375,0.0,24.337,6.0091,5.7620000000000005,89.9995,103.8581,90.0002,0.662020959217855,0.662020959217855,0.02576121687889099
4,12,80.0,0.1875,0.5,0.3125,24.6443,6.2906,6.1589,90.0,104.5929,90.0001,0.662020959217855,0.662020959217855,0.12950536608695984
5,33,40.0,1.0,0.0,0.0,4.8885,8.4018,9.0344,90.0061,90.0024,90.0013,0.787008921310315,0.787008921310315,0.043521374464035034
6,167,30.0,0.3333,0.6667,0.0,4.9772,4.9768,13.4593,89.9952,90.0061,120.0005,1.0633874388063722,1.0633874388063722,0.06723153591156006
7,33,80.0,0.1875,0.6875,0.125,10.2955,8.8306,9.4505,89.9988,90.0014,90.0013,0.787008921310315,0.787008921310315,0.10905522108078003
8,33,80.0,0.3125,0.6875,0.0,10.0984,8.6759,9.2968,89.9995,90.0021,90.0019,0.787008921310315,0.787008921310315,0.06302493810653687
9,206,80.0,0.75,0.0,0.25,9.3111,9.3105,9.3108,90.0016,90.0026,89.9993,0.7689528871315193,0.7689528871315193,0.2163289189338684
10,167,30.0,0.1667,0.5,0.3333,5.1913,5.1908,13.9162,89.9979,90.0023,120.0006,1.0633874388063722,1.0633874388063722,0.17181122303009033
11,167,30.0,0.25,0.6667,0.0833,5.041,5.0406,13.5943,89.9967,90.0044,120.0004,1.0633874388063722,1.0633874388063722,0.09644246101379395
12,194,80.0,0.25,0.3125,0.4375,6.6253,6.625,24.4733,90.0104,90.0033,119.9913,0.5657367172939655,0.5657367172939655,0.29197680950164795
13,227,40.0,0.4375,0.5625,0.0,9.9758,5.7765,14.2297,90.7296,90.8478,30.2926,0.3897790241986628,0.3897790241986628,0.149257630109787
14,206,80.0,0.0312,0.0938,0.875,10.1664,10.1664,10.1666,90.0009,90.0008,89.9987,0.7689528871315193,0.7689528871315193,0.05472347140312195
15,194,80.0,0.9375,0.0312,0.0312,6.1149,6.1145,23.4343,90.0072,90.0037,120.0055,0.5657367172939655,0.5657367172939655,0.24062862992286682
16,206,80.0,0.25,0.375,0.375,9.6314,9.6312,9.6312,90.0028,90.0029,89.9967,0.7689528871315193,0.7689528871315193,0.18718767166137695
17,206,80.0,0.4375,0.3125,0.25,9.442,9.4417,9.4417,90.0029,90.0032,89.9971,0.7689528871315193,0.7689528871315193,0.19198793172836304
18,194,80.0,0.5312,0.0312,0.4375,6.537000000000001,6.5365,24.2617,90.0158,90.0126,119.9941,0.5657367172939655,0.5657367172939655,0.3303455710411072
19,12,80.0,0.25,0.2812,0.4688,24.5381,6.3603,6.3066,90.0,105.0163,90.0001,0.662020959217855,0.662020959217855,0.17573285102844238
20,33,40.0,0.0,0.875,0.125,5.1916,8.9053,9.5221,89.9969,90.0011,90.0013,0.787008921310315,0.787008921310315,0.07825475931167603
21,33,80.0,0.5938,0.2812,0.125,10.1055,8.6686,9.2955,90.0028,90.0019,90.0012,0.787008921310315,0.787008921310315,0.13889729976654053
22,12,80.0,0.3438,0.2812,0.375,24.4654,6.2812,6.1912,89.9998,104.8096,90.0001,0.662020959217855,0.662020959217855,0.16148820519447327
23,33,80.0,0.75,0.0938,0.1562,10.0671,8.6325,9.2623,90.0044,90.0019,90.001,0.787008921310315,0.787008921310315,0.15816903114318848
24,12,80.0,0.3438,0.6562,0.0,24.5644,6.0713,5.8068,89.9997,103.78,90.0002,0.662020959217855,0.662020959217855,0.030469387769699097
25,12,80.0,0.0,0.25,0.75,24.7238,6.5888,6.6469,90.0003,105.6108,90.0,0.662020959217855,0.662020959217855,0.13842517137527466
26,33,80.0,0.2812,0.1562,0.5625,10.7369,9.1603,9.7859,90.0014,89.9992,90.0004,0.787008921310315,0.787008921310315,0.22459697723388672
27,167,30.0,0.25,0.3333,0.4167,5.2138,5.2134,13.9681,89.9966,90.0034,120.0009,1.0633874388063722,1.0633874388063722,0.19450849294662476
28,206,80.0,0.0,0.4062,0.5938,9.9301,9.9301,9.9301,90.0025,90.0022,89.9966,0.7689528871315193,0.7689528871315193,0.11108124256134033
29,167,30.0,0.3333,0.1667,0.5,5.2364,5.2360000000000015,14.0199,89.9952,90.0046,120.0012,1.0633874388063722,1.0633874388063722,0.20620959997177124
30,33,40.0,0.1875,0.0625,0.75,5.4944,9.355,9.9808,90.0011,89.9977,90.0003,0.787008921310315,0.787008921310315,0.22146406769752502
31,12,80.0,0.375,0.3438,0.2812,24.4576,6.2198,6.0886,89.9998,104.5748,90.0001,0.662020959217855,0.662020959217855,0.13076788187026978
32,194,80.0,0.0,0.75,0.25,6.5694,6.5693,24.4204,89.9948,90.0039,119.9908,0.5657367172939655,0.5657367172939655,0.10963666439056396
33,12,80.0,0.4062,0.2188,0.375,24.4004,6.2634,6.1785,89.9998,104.8311,90.0001,0.662020959217855,0.662020959217855,0.15150728821754456
34,206,80.0,0.0312,0.0312,0.9375,10.2218,10.2218,10.2221,90.0006,90.0006,89.9992,0.7689528871315193,0.7689528871315193,0.03866899013519287
35,33,80.0,0.0625,0.0,0.9375,11.2551,9.5622,10.1876,90.0004,89.99600000000002,90.0004,0.787008921310315,0.787008921310315,0.19782450795173645
36,167,30.0,0.75,0.0833,0.1667,4.9604,4.9602,13.4383,89.9886,90.0123,120.0016,1.0633874388063722,1.0633874388063722,0.1455756425857544
37,167,60.0,0.0,0.5833,0.4167,10.5515,5.2752,14.0928,90.0002,89.9996,120.0004,1.0633874388063722,1.0633874388063722,0.14121058583259583
38,33,80.0,0.5,0.125,0.375,10.4266,8.9158,9.5433,90.0029,90.0007,90.0006,0.787008921310315,0.787008921310315,0.22229117155075073
39,206,80.0,0.5312,0.4688,0.0,9.1811,9.1807,9.1806,90.0043,90.0045,89.9961,0.7689528871315193,0.7689528871315193,0.10134300589561462
40,167,30.0,0.5833,0.4167,0.0,4.9153,4.915,13.3346,89.9909,90.0103,120.0011,1.0633874388063722,1.0633874388063722,0.05778658390045166
41,33,80.0,0.75,0.125,0.125,10.0325,8.6063,9.2358,90.0043,90.00200000000002,90.0011,0.787008921310315,0.787008921310315,0.14183926582336426
42,167,30.0,0.5833,0.4167,0.0,4.9153,4.915,13.3346,89.9909,90.0103,120.0011,1.0633874388063722,1.0633874388063722,0.05778658390045166
43,206,80.0,0.3125,0.0,0.6875,9.8823,9.8821,9.8824,90.0007,90.0012,89.9993,0.7689528871315193,0.7689528871315193,0.1772572100162506
44,227,40.0,0.0625,0.625,0.3125,6.1356,6.1343,14.6716,90.0057,90.0009,119.9982,0.3897790241986628,0.3897790241986628,0.2685999274253845
45,12,20.0,0.875,0.125,0.0,12.0062,2.9601,5.6981,89.9991,103.9713,90.0002,0.662020959217855,0.662020959217855,0.02737441658973694
46,12,80.0,0.4688,0.1562,0.375,24.3355,6.2456,6.1658,89.9997,104.8526,90.0001,0.662020959217855,0.662020959217855,0.17600837349891663
47,167,30.0,0.4167,0.0,0.5833,5.2589999999999995,5.2586,14.0718,89.9939,90.0057,120.0015,1.0633874388063722,1.0633874388063722,0.2323039174079895
48,194,80.0,0.8438,0.1562,0.0,6.1188,6.1184,23.4644,90.0129,89.9994,120.0051,0.5657367172939655,0.5657367172939655,0.20114290714263916
49,206,80.0,0.0,0.4375,0.5625,9.9024,9.9024,9.9023,90.0027,90.0023,89.9964,0.7689528871315193,0.7689528871315193,0.11291372776031494
50,12,80.0,0.4062,0.3438,0.25,24.4334,6.1934,6.0501,89.9997,104.5021,90.0001,0.662020959217855,0.662020959217855,0.13096800446510315
51,33,80.0,0.0,0.75,0.25,10.5218,9.0102,9.6281,89.9974,90.0004,90.0008,0.787008921310315,0.787008921310315,0.08782044053077698
52,206,80.0,0.4062,0.0,0.5938,9.7599,9.7596,9.7599,90.0009,90.0015,89.9993,0.7689528871315193,0.7689528871315193,0.21273910999298096
53,194,80.0,0.6562,0.3125,0.0312,6.1977,6.1974,23.6454,90.0173,89.9998,120.0022,0.5657367172939655,0.5657367172939655,0.23501580953598022
54,227,40.0,0.625,0.375,0.0,9.9425,5.7215,14.0782,93.2382,92.8126,30.1332,0.3897790241986628,0.3897790241986628,0.11103245615959167
55,227,40.0,0.0,0.25,0.75,10.9686,6.2964,15.7593,100.383,98.8565,30.3211,0.3897790241986628,0.3897790241986628,0.24666911363601685
56,206,80.0,0.4062,0.3438,0.25,9.4551,9.4548,9.4548,90.00299999999999,90.0032,89.9969,0.7689528871315193,0.7689528871315193,0.18476709723472595
57,194,80.0,0.625,0.3125,0.0625,6.2303,6.2301,23.709,90.0169,90.0013,120.0012,0.5657367172939655,0.5657367172939655,0.2525407075881958
58,33,40.0,0.0625,0.1875,0.75,5.5236,9.4049,10.0285,89.9998,89.9974,90.0001,0.787008921310315,0.787008921310315,0.18187829852104187
59,227,40.0,0.6875,0.3125,0.0,9.908,5.7064,14.0184,92.8796,92.5517,30.141,0.3897790241986628,0.3897790241986628,0.12258794903755188
60,227,40.0,0.0,0.125,0.875,11.0828,6.3673,15.9398,100.9507,99.4023,30.3565,0.3897790241986628,0.3897790241986628,0.2206670343875885
61,12,80.0,0.3438,0.25,0.4062,24.4571,6.2987,6.2233,89.9998,104.8899,90.0001,0.662020959217855,0.662020959217855,0.15999659895896912
62,194,80.0,0.5312,0.25,0.2188,6.3748,6.3745,23.9803,90.015,90.0067,119.9974,0.5657367172939655,0.5657367172939655,0.28217875957489014
63,194,80.0,0.7812,0.2188,0.0,6.1371,6.1368,23.5114,90.0153,89.9987,120.0044,0.5657367172939655,0.5657367172939655,0.1997453272342682
64,194,80.0,0.375,0.125,0.5,6.6318,6.6314,24.4597,90.0152,90.0071,119.9918,0.5657367172939655,0.5657367172939655,0.3119564950466156
65,167,30.0,0.1667,0.8333,0.0,5.0185,5.018,13.5425,89.9979,90.0034,120.0001,1.0633874388063722,1.0633874388063722,0.06530725955963135
66,167,30.0,0.3333,0.6667,0.0,4.9772,4.9768,13.4593,89.9952,90.0061,120.0005,1.0633874388063722,1.0633874388063722,0.06723153591156006
67,206,80.0,0.4062,0.3125,0.2812,9.4828,9.4825,9.4825,90.0028,90.0031,89.9971,0.7689528871315193,0.7689528871315193,0.19284161925315857
68,194,80.0,0.8125,0.1875,0.0,6.1279,6.1276,23.4879,90.0142,89.999,120.0047,0.5657367172939655,0.5657367172939655,0.19660291075706482
69,194,80.0,0.375,0.4375,0.1875,6.4006,6.4004,24.0576,90.0131,90.0039,119.9961,0.5657367172939655,0.5657367172939655,0.25414395332336426
70,33,80.0,0.25,0.75,0.0,10.1276,8.7008,9.3206,89.9989,90.00200000000002,90.0019,0.787008921310315,0.787008921310315,0.05411770939826965
71,206,80.0,0.4062,0.5938,0.0,9.2335,9.2331,9.2329,90.0048,90.0047,89.9952,0.7689528871315193,0.7689528871315193,0.09727934002876282
72,33,40.0,0.125,0.875,0.0,5.093,8.7506,9.3683,89.9976,90.0019,90.00200000000002,0.787008921310315,0.787008921310315,0.04354742169380188
73,167,60.0,0.0,0.875,0.125,10.2491,5.124,13.7658,90.0006,90.0002,120.0,1.0633874388063722,1.0633874388063722,0.10768350958824158
74,33,80.0,0.4062,0.0938,0.5,10.6091,9.058,9.6852,90.0024,89.9999,90.0005,0.787008921310315,0.787008921310315,0.23502230644226074
75,194,80.0,0.8125,0.125,0.0625,6.1743,6.1739999999999995,23.5682,90.0124,90.0037,120.0034,0.5657367172939655,0.5657367172939655,0.25076502561569214
76,227,40.0,0.3125,0.375,0.3125,10.3436,5.9924,14.761,90.9873,91.1468,30.3373,0.3897790241986628,0.3897790241986628,0.2929638624191284
77,33,40.0,0.625,0.0,0.375,5.1841,8.8659,9.4956,90.0041,90.0009,90.0007,0.787008921310315,0.787008921310315,0.21720466017723083
78,33,80.0,0.4688,0.3438,0.1875,10.2333,8.7709,9.3962,90.0019,90.0015,90.001,0.787008921310315,0.787008921310315,0.17239108681678772
79,33,80.0,0.25,0.0938,0.6562,10.8555,9.2514,9.8774,90.0014,89.9985,90.0003,0.787008921310315,0.787008921310315,0.2246999442577362
80,206,80.0,0.5312,0.4688,0.0,9.1811,9.1807,9.1806,90.0043,90.0045,89.9961,0.7689528871315193,0.7689528871315193,0.10134300589561462
81,167,30.0,0.4167,0.5833,0.0,4.9566,4.9562,13.4178,89.9938,90.0075,120.0007,1.0633874388063722,1.0633874388063722,0.06550508737564087
82,33,80.0,0.1562,0.0938,0.75,11.0033,9.3675,9.9927,90.0008,89.9976,90.0003,0.787008921310315,0.787008921310315,0.21543437242507935
83,206,80.0,0.0,0.2188,0.7812,10.0964,10.0964,10.0965,90.0015,90.0013,89.9979,0.7689528871315193,0.7689528871315193,0.06959152221679688
84,206,80.0,0.5312,0.4688,0.0,9.1811,9.1807,9.1806,90.0043,90.0045,89.9961,0.7689528871315193,0.7689528871315193,0.10134300589561462
85,33,80.0,0.75,0.0625,0.1875,10.1018,8.6588,9.2888,90.0046,90.0018,90.001,0.787008921310315,0.787008921310315,0.181382417678833
86,33,40.0,0.5625,0.4375,0.0,4.9907,8.5762,9.2014,90.00200000000002,90.0023,90.0017,0.787008921310315,0.787008921310315,0.05450490117073059
87,33,40.0,0.3125,0.6875,0.0,5.0492,8.6759,9.2968,89.9995,90.0021,90.0019,0.787008921310315,0.787008921310315,0.05503353476524353
88,167,30.0,0.8333,0.0833,0.0833,4.8966,4.8964,13.3033,89.9868,90.0141,120.0017,1.0633874388063722,1.0633874388063722,0.0923178493976593
89,194,80.0,0.4688,0.25,0.2812,6.4405,6.4402,24.1077,90.0144,90.0071,119.9957,0.5657367172939655,0.5657367172939655,0.27822431921958923
90,206,80.0,0.8438,0.1562,0.0,9.0502,9.0495,9.0497,90.00299999999999,90.0039,89.9983,0.7689528871315193,0.7689528871315193,0.09271633625030518
91,194,80.0,0.0625,0.2188,0.7188,6.894,6.8935,24.9767,90.0097,89.9916,119.9865,0.5657367172939655,0.5657367172939655,0.21350321173667908
92,206,80.0,0.4688,0.25,0.2812,9.4566,9.4563,9.4564,90.0026,90.00299999999999,89.9976,0.7689528871315193,0.7689528871315193,0.1971532702445984
93,12,80.0,0.0625,0.9375,0.0,24.8567,6.1513,5.8645,90.0001,103.6809,90.0001,0.662020959217855,0.662020959217855,0.022398144006729126
94,167,30.0,0.3333,0.6667,0.0,4.9772,4.9768,13.4593,89.9952,90.0061,120.0005,1.0633874388063722,1.0633874388063722,0.06723153591156006
95,194,80.0,0.2812,0.3125,0.4062,6.5922,6.5919,24.4096,90.01100000000002,90.0041,119.992,0.5657367172939655,0.5657367172939655,0.2851133644580841
96,33,80.0,0.5625,0.0938,0.3438,10.3628,8.8646,9.493,90.0034,90.001,90.0007,0.787008921310315,0.787008921310315,0.21868392825126648
97,12,80.0,0.0,0.6562,0.3438,24.831,6.3614,6.2292,90.0002,104.6112,90.0001,0.662020959217855,0.662020959217855,0.024289250373840332
98,33,40.0,0.0,0.9375,0.0625,5.1569,8.8529,9.4691,89.9966,90.0015,90.0017,0.787008921310315,0.787008921310315,0.06898292899131775
99,12,20.0,0.25,0.0,0.75,12.2319,3.2589,6.5962,90.0,105.6922,90.0001,0.662020959217855,0.662020959217855,0.28687572479248047
100,33,80.0,0.0938,0.625,0.2812,10.5126,8.9991,9.6189,89.9985,90.0004,90.0007,0.787008921310315,0.787008921310315,0.14619213342666626
101,12,20.0,0.875,0.125,0.0,12.0062,2.9601,5.6981,89.9991,103.9713,90.0002,0.662020959217855,0.662020959217855,0.02737441658973694
102,33,80.0,0.5,0.1875,0.3125,10.3573,8.8633,9.4903,90.0027,90.001,90.0007,0.787008921310315,0.787008921310315,0.2112276256084442
103,227,40.0,0.4375,0.375,0.1875,5.9312,5.9309,14.5156,89.9937,90.0055,119.9963,0.3897790241986628,0.3897790241986628,0.28322118520736694
104,227,40.0,0.3125,0.625,0.0625,5.8878,5.8879,14.5124,89.9963,90.0019,120.0009,0.3897790241986628,0.3897790241986628,0.22033822536468506
105,167,30.0,0.8333,0.0833,0.0833,4.8966,4.8964,13.3033,89.9868,90.0141,120.0017,1.0633874388063722,1.0633874388063722,0.0923178493976593
106,167,30.0,0.75,0.1667,0.0833,4.9172,4.917,13.3449,89.9883,90.0127,120.0015,1.0633874388063722,1.0633874388063722,0.09829726815223694
107,206,80.0,0.5312,0.2188,0.25,9.4027,9.4023,9.4025,90.0025,90.00299999999999,89.9978,0.7689528871315193,0.7689528871315193,0.19948703050613403
108,206,80.0,0.3438,0.4062,0.25,9.4813,9.481,9.481,90.0033,90.0034,89.9965,0.7689528871315193,0.7689528871315193,0.18326854705810547
109,33,80.0,0.0,0.125,0.875,11.215,9.5347,10.1584,89.9996,89.9963,90.0001,0.787008921310315,0.787008921310315,0.13729757070541382
110,227,40.0,0.1875,0.5,0.3125,10.3967,6.0239,14.8421,91.0284,91.1952,30.3483,0.3897790241986628,0.3897790241986628,0.2815769612789154
111,167,30.0,0.25,0.75,0.0,4.9979,4.9974,13.5009,89.9966,90.0048,120.0003,1.0633874388063722,1.0633874388063722,0.06803563237190247
112,33,80.0,0.5312,0.2188,0.25,10.2734,8.7984,9.4254,90.0027,90.0013,90.0009,0.787008921310315,0.787008921310315,0.18829190731048584
113,194,10.0,0.75,0.0,0.25,3.1660000000000004,3.1658,11.9281,90.0118,90.0139,119.9992,0.5657367172939655,0.5657367172939655,0.30202579498291016
114,194,80.0,0.7812,0.0312,0.1875,6.2763,6.2759,23.7523,90.0113,90.0114,120.0006,0.5657367172939655,0.5657367172939655,0.30867671966552734
115,33,80.0,0.6875,0.0625,0.25,10.2003,8.7361,9.3657,90.0042,90.0015,90.0009,0.787008921310315,0.787008921310315,0.1917179822921753
116,227,40.0,0.5,0.4375,0.0625,10.0676,5.7862,14.2862,94.3021,93.6639,30.1434,0.3897790241986628,0.3897790241986628,0.1921936571598053
117,206,80.0,0.5625,0.0,0.4375,9.5559,9.5554,9.5558,90.0012,90.00200000000002,89.9993,0.7689528871315193,0.7689528871315193,0.23368722200393677
118,206,80.0,0.4688,0.25,0.2812,9.4566,9.4563,9.4564,90.0026,90.00299999999999,89.9976,0.7689528871315193,0.7689528871315193,0.1971532702445984
119,194,80.0,0.25,0.75,0.0,6.3023,6.3023,23.9107,90.012,90.0021,119.9976,0.5657367172939655,0.5657367172939655,0.15589973330497742
120,33,80.0,0.625,0.0,0.375,10.3682,8.8659,9.4956,90.0041,90.0009,90.0007,0.787008921310315,0.787008921310315,0.22256183624267578
121,12,20.0,0.25,0.5,0.25,12.2979,3.1189,6.0820000000000025,89.9999,104.4479,90.0001,0.662020959217855,0.662020959217855,0.16647261381149292
122,206,80.0,0.0312,0.0312,0.9375,10.2218,10.2218,10.2221,90.0006,90.0006,89.9992,0.7689528871315193,0.7689528871315193,0.03866899013519287
123,227,40.0,0.0,0.1875,0.8125,6.4848,6.4838,15.0894,90.0149,90.0105,120.0007,0.3897790241986628,0.3897790241986628,0.2686668038368225
124,206,80.0,0.2188,0.0312,0.75,9.977,9.9768,9.9771,90.0008,90.0011,89.9991,0.7689528871315193,0.7689528871315193,0.15306195616722107
125,206,80.0,0.5625,0.4375,0.0,9.168,9.1675,9.1675,90.0042,90.0044,89.9963,0.7689528871315193,0.7689528871315193,0.10334035754203796
126,206,80.0,0.0625,0.9375,0.0,9.3775,9.3775,9.3769,90.0061,90.0053,89.9929,0.7689528871315193,0.7689528871315193,0.084035724401474
127,194,80.0,0.8125,0.0312,0.1562,6.244,6.2436,23.6887,90.0106,90.0103,120.0016,0.5657367172939655,0.5657367172939655,0.28155243396759033
128,194,80.0,0.5,0.0625,0.4375,6.5466,6.5461,24.2852,90.0157,90.0113,119.9938,0.5657367172939655,0.5657367172939655,0.3239396810531616
129,227,40.0,0.375,0.375,0.25,9.9153,5.8285,14.6127,97.2693,98.5566,31.7218,0.3897790241986628,0.3897790241986628,0.19108861684799194
130,167,30.0,0.5,0.4167,0.0833,4.9791,4.9788,13.4696,89.9926,90.0085,120.001,1.0633874388063722,1.0633874388063722,0.09355425834655762
131,227,40.0,0.0,0.25,0.75,6.4279,6.426,15.2805,90.0098,89.9998,119.9997,0.3897790241986628,0.3897790241986628,0.26796388626098633
132,167,30.0,0.3333,0.6667,0.0,4.9772,4.9768,13.4593,89.9952,90.0061,120.0005,1.0633874388063722,1.0633874388063722,0.06723153591156006
133,206,80.0,0.0938,0.375,0.5312,9.8354,9.8354,9.8353,90.0025,90.0023,89.9968,0.7689528871315193,0.7689528871315193,0.1556517481803894
134,33,80.0,0.5312,0.3438,0.125,10.1347,8.6935,9.3193,90.0022,90.0018,90.0012,0.787008921310315,0.787008921310315,0.13569769263267517
135,33,80.0,0.0312,0.125,0.8438,11.1657,9.496,10.12,89.9998,89.9966,90.0001,0.787008921310315,0.787008921310315,0.16731688380241394
136,33,80.0,0.0312,0.0938,0.875,11.2004,9.5222,10.1465,89.9999,89.9964,90.0002,0.787008921310315,0.787008921310315,0.16791972517967224
137,206,80.0,0.5625,0.0,0.4375,9.5559,9.5554,9.5558,90.0012,90.00200000000002,89.9993,0.7689528871315193,0.7689528871315193,0.23368722200393677
138,12,80.0,0.4062,0.2812,0.3125,24.4169,6.2284,6.1143,89.9997,104.6682,90.0001,0.662020959217855,0.662020959217855,0.14866608381271362
139,206,80.0,0.3125,0.4375,0.25,9.4944,9.4941,9.4941,90.0034,90.0034,89.9963,0.7689528871315193,0.7689528871315193,0.18256831169128418
140,227,40.0,0.3125,0.6875,0.0,9.9402,5.7757,14.286,91.2747,91.48,30.6263,0.3897790241986628,0.3897790241986628,0.1432304084300995
141,33,40.0,0.8125,0.0,0.1875,5.0363,8.6338,9.265,90.0051,90.0019,90.0009,0.787008921310315,0.787008921310315,0.1765192449092865
142,194,80.0,0.7812,0.2188,0.0,6.1371,6.1368,23.5114,90.0153,89.9987,120.0044,0.5657367172939655,0.5657367172939655,0.1997453272342682
143,206,80.0,0.0,0.1562,0.8438,10.1518,10.1518,10.152000000000001,90.0012,90.001,89.9983,0.7689528871315193,0.7689528871315193,0.05577239394187927
144,227,40.0,0.75,0.0,0.25,5.9125,5.912000000000001,14.1751,90.0063,89.9944,119.9996,0.3897790241986628,0.3897790241986628,0.3444424867630005
145,33,80.0,0.875,0.125,0.0,9.8354,8.4516,9.0821,90.0049,90.0024,90.0014,0.787008921310315,0.787008921310315,0.05486544966697693
146,12,20.0,0.125,0.625,0.25,12.3629,3.1367,6.1075,90.0001,104.4048,90.0001,0.662020959217855,0.662020959217855,0.1705680787563324
147,227,40.0,0.625,0.375,0.0,10.0073,5.763,14.0584,90.7171,90.8248,29.7438,0.3897790241986628,0.3897790241986628,0.1782602071762085
148,206,80.0,0.5,0.0938,0.4062,9.5544,9.554,9.5542,90.0016,90.0023,89.9986,0.7689528871315193,0.7689528871315193,0.22100043296813965
149,12,80.0,0.0312,0.5,0.4688,24.7655,6.4225,6.3512,90.0002,104.9427,90.0001,0.662020959217855,0.662020959217855,0.14784997701644897
150,167,30.0,0.1667,0.25,0.5833,5.3209,5.3204,14.1965,89.9973,90.0019,120.001,1.0633874388063722,1.0633874388063722,0.17551249265670776
151,167,30.0,0.5,0.5,0.0,4.936,4.9356,13.3762,89.9923,90.0089,120.0009,1.0633874388063722,1.0633874388063722,0.064785897731781
152,206,80.0,0.875,0.125,0.0,9.0371,9.0364,9.0366,90.0029,90.0038,89.9985,0.7689528871315193,0.7689528871315193,0.0881166160106659
153,194,80.0,0.9375,0.0625,0.0,6.0917,6.0913,23.3941,90.0081,90.0008,120.0062,0.5657367172939655,0.5657367172939655,0.20131713151931763
154,206,80.0,0.0,0.4062,0.5938,9.9301,9.9301,9.9301,90.0025,90.0022,89.9966,0.7689528871315193,0.7689528871315193,0.11108124256134033
155,12,20.0,0.375,0.625,0.0,12.2659,3.0312,5.8004,89.9997,103.7911,90.0002,0.662020959217855,0.662020959217855,0.03131487965583801
156,12,80.0,0.375,0.4062,0.2188,24.4741,6.1848,6.0244,89.9998,104.4069,90.0001,0.662020959217855,0.662020959217855,0.11522382497787476
157,167,30.0,1.0,0.0,0.0,4.8122,4.812,13.1268,89.9833,90.0174,120.00200000000001,1.0633874388063722,1.0633874388063722,0.021096765995025635
158,206,80.0,0.8438,0.1562,0.0,9.0502,9.0495,9.0497,90.00299999999999,90.0039,89.9983,0.7689528871315193,0.7689528871315193,0.09271633625030518
159,12,80.0,0.1562,0.5,0.3438,24.6685,6.317,6.1973,90.0,104.6643,90.0001,0.662020959217855,0.662020959217855,0.13936004042625427
160,33,80.0,0.4062,0.3125,0.2812,10.3665,8.8745,9.4996,90.0016,90.001,90.0008,0.787008921310315,0.787008921310315,0.18631905317306519
161,227,40.0,0.6875,0.0,0.3125,10.1843,5.8981,14.5177,90.8613,90.9981,30.3035,0.3897790241986628,0.3897790241986628,0.3347140848636627
162,12,20.0,0.625,0.375,0.0,12.1361,2.9957,5.7492,89.9994,103.8806,90.0002,0.662020959217855,0.662020959217855,0.03183981776237488
163,227,40.0,0.0,0.3125,0.6875,10.8542,6.2925,15.5045,91.3227,91.5367,30.401,0.3897790241986628,0.3897790241986628,0.2700684666633606
164,227,40.0,0.0,0.0625,0.9375,6.5454,6.5445,15.7727,90.0254,90.0154,119.9957,0.3897790241986628,0.3897790241986628,0.28148865699768066
165,194,80.0,0.2188,0.0938,0.6875,6.8202,6.8196,24.8187,90.016,89.9992,119.9882,0.5657367172939655,0.5657367172939655,0.29860904812812805
166,194,80.0,0.3125,0.3438,0.3438,6.5360000000000005,6.5357,24.3056,90.0114,90.0047,119.9932,0.5657367172939655,0.5657367172939655,0.255403995513916
167,12,80.0,0.4375,0.4062,0.1562,24.4257,6.1321,5.9476,89.9997,104.2574,90.0002,0.662020959217855,0.662020959217855,0.10946527123451233
168,12,80.0,0.375,0.1562,0.4688,24.4081,6.3248,6.2812,89.9998,105.0586,90.0001,0.662020959217855,0.662020959217855,0.2225373089313507
169,33,80.0,0.3125,0.2812,0.4062,10.549000000000001,9.0167,9.6414,90.0012,90.0002,90.0005,0.787008921310315,0.787008921310315,0.20727738738059998
170,12,80.0,0.4062,0.25,0.3438,24.4087,6.2459,6.1464,89.9998,104.7501,90.0001,0.662020959217855,0.662020959217855,0.14568054676055908
171,194,80.0,0.6562,0.3438,0.0,6.1745,6.1743,23.6052,90.0183,89.99799999999998,120.0028,0.5657367172939655,0.5657367172939655,0.19695714116096497
172,167,60.0,0.0,0.6667,0.3333,10.4651,5.232,13.9994,90.0004,89.9997,120.0003,1.0633874388063722,1.0633874388063722,0.13414326310157776
173,227,40.0,0.0625,0.625,0.3125,10.4498,6.0554,14.9233,91.069,91.2431,30.3593,0.3897790241986628,0.3897790241986628,0.24060878157615662
174,206,80.0,0.5312,0.4688,0.0,9.1811,9.1807,9.1806,90.0043,90.0045,89.9961,0.7689528871315193,0.7689528871315193,0.10134300589561462
175,12,80.0,0.375,0.3438,0.2812,24.4576,6.2198,6.0886,89.9998,104.5748,90.0001,0.662020959217855,0.662020959217855,0.13076788187026978
176,227,40.0,0.625,0.0,0.375,5.9979,5.9979999999999976,14.7337,90.0001,89.9961,120.0005,0.3897790241986628,0.3897790241986628,0.3428437411785126
177,227,40.0,0.3125,0.375,0.3125,6.0688,6.0678,14.5207,90.0062,89.9984,119.9988,0.3897790241986628,0.3897790241986628,0.29849863052368164
178,206,80.0,0.625,0.125,0.25,9.3634,9.363,9.3632,90.0021,90.0029,89.9984,0.7689528871315193,0.7689528871315193,0.20659446716308594
179,12,80.0,0.2812,0.2812,0.4375,24.5138,6.3339,6.2682,89.9999,104.9481,90.0001,0.662020959217855,0.662020959217855,0.15571460127830505
180,33,80.0,0.3125,0.0625,0.625,10.7916,9.2003,9.827,90.0019,89.9989,90.0004,0.787008921310315,0.787008921310315,0.23477134108543396
181,167,30.0,0.5833,0.4167,0.0,4.9153,4.915,13.3346,89.9909,90.0103,120.0011,1.0633874388063722,1.0633874388063722,0.05778658390045166
182,194,80.0,0.7812,0.2188,0.0,6.1371,6.1368,23.5114,90.0153,89.9987,120.0044,0.5657367172939655,0.5657367172939655,0.1997453272342682
183,227,40.0,0.1875,0.4375,0.375,10.0777,5.938,14.7759,96.6891,97.8898,31.9385,0.3897790241986628,0.3897790241986628,0.24554768204689026
184,194,80.0,0.0,0.9375,0.0625,6.4315,6.4316,24.1793,89.9958,90.008,119.9933,0.5657367172939655,0.5657367172939655,0.13337692618370056
185,194,80.0,0.5,0.125,0.375,6.5002,6.4999,24.2048,90.015,90.01,119.9947,0.5657367172939655,0.5657367172939655,0.3159451186656952
186,194,80.0,0.875,0.125,0.0,6.1097,6.1093,23.441,90.0115,89.9998,120.0055,0.5657367172939655,0.5657367172939655,0.18513372540473938
187,12,80.0,0.1562,0.5,0.3438,24.6685,6.317,6.1973,90.0,104.6643,90.0001,0.662020959217855,0.662020959217855,0.13936004042625427
188,227,40.0,0.0,0.1875,0.8125,11.0257,6.3318,15.8495,100.6685,99.1309,30.339000000000002,0.3897790241986628,0.3897790241986628,0.23782938718795776
189,167,60.0,0.1667,0.0,0.8333,10.9011,5.4501,14.4769,89.9963,90.0017,120.0013,1.0633874388063722,1.0633874388063722,0.1668492555618286
190,194,80.0,0.2188,0.75,0.0312,6.3356,6.3356,23.9744,90.0099,90.00299999999999,119.9967,0.5657367172939655,0.5657367172939655,0.19405502080917358
191,12,20.0,0.875,0.125,0.0,12.0062,2.9601,5.6981,89.9991,103.9713,90.0002,0.662020959217855,0.662020959217855,0.02737441658973694
192,33,40.0,0.75,0.0,0.25,5.0856,8.7112,9.3419,90.0048,90.0016,90.0008,0.787008921310315,0.787008921310315,0.18741822242736816
193,194,80.0,0.1875,0.8125,0.0,6.3228,6.3228,23.9578,90.009,90.0035,119.9968,0.5657367172939655,0.5657367172939655,0.15624108910560608
194,194,80.0,0.375,0.1875,0.4375,6.5855,6.5851,24.3792,90.0141,90.0068,119.9926,0.5657367172939655,0.5657367172939655,0.2765653729438782
195,206,80.0,0.0,0.1562,0.8438,10.1518,10.1518,10.152000000000001,90.0012,90.001,89.9983,0.7689528871315193,0.7689528871315193,0.05577239394187927
196,206,80.0,0.0,0.5312,0.4688,9.8193,9.8193,9.8191,90.0032,90.0028,89.9957,0.7689528871315193,0.7689528871315193,0.12378266453742981
197,167,30.0,0.4167,0.1667,0.4167,5.1726,5.1722,13.8849,89.9941,90.006,120.0012,1.0633874388063722,1.0633874388063722,0.2113935947418213
198,33,40.0,0.625,0.0,0.375,5.1841,8.8659,9.4956,90.0041,90.0009,90.0007,0.787008921310315,0.787008921310315,0.21720466017723083
199,167,60.0,0.0,0.5,0.5,10.6379,5.3184,14.1862,89.9999,89.9995,120.0005,1.0633874388063722,1.0633874388063722,0.13986530900001526
200,12,80.0,0.0938,0.625,0.2812,24.75,6.2998,6.1459,90.0001,104.4779,90.0001,0.662020959217855,0.662020959217855,0.13323569297790527
201,12,80.0,0.0,0.4688,0.5312,24.7815,6.4664,6.4217,90.0003,105.0881,90.0,0.662020959217855,0.662020959217855,0.022143185138702393
202,227,40.0,0.25,0.4375,0.3125,6.0841,6.0842,14.805,90.0097,89.9857,119.9987,0.3897790241986628,0.3897790241986628,0.29087120294570923
203,33,80.0,0.4062,0.375,0.2188,10.2972,8.822000000000003,9.4466,90.0014,90.0013,90.0009,0.787008921310315,0.787008921310315,0.17150169610977173
204,12,80.0,0.2188,0.3438,0.4375,24.5788,6.3517,6.2809,90.0,104.9269,90.0001,0.662020959217855,0.662020959217855,0.15464693307876587
205,167,30.0,0.0,0.25,0.75,5.4486,5.4481,14.4666,89.9988,89.9993,120.0009,1.0633874388063722,1.0633874388063722,0.1255193054676056
206,194,80.0,0.0,0.375,0.625,6.8456,6.8451,24.9031,90.0023,89.9926,119.9868,0.5657367172939655,0.5657367172939655,0.07934585213661194
207,227,40.0,0.3125,0.375,0.3125,10.3492,5.9826,14.4464,83.7426,82.7531,30.6289,0.3897790241986628,0.3897790241986628,0.27921226620674133
208,194,10.0,0.5,0.25,0.25,3.2038,3.2037,12.022,90.0147,90.007,119.9966,0.5657367172939655,0.5657367172939655,0.2625789940357208
209,206,80.0,0.5,0.25,0.25,9.4158,9.4154,9.4155,90.0026,90.0031,89.9976,0.7689528871315193,0.7689528871315193,0.1966065764427185
210,227,40.0,0.8125,0.1875,0.0,9.9225,5.7147,13.9423,90.6129,90.7051,29.754,0.3897790241986628,0.3897790241986628,0.19684544205665588
211,12,80.0,0.3125,0.0,0.6875,24.4154,6.465,6.5191,90.0,105.5676,90.0001,0.662020959217855,0.662020959217855,0.26571017503738403
212,33,80.0,0.3125,0.1875,0.5,10.6529,9.0954,9.721,90.0015,89.9996,90.0004,0.787008921310315,0.787008921310315,0.22260427474975586
213,194,80.0,0.0625,0.0312,0.9062,7.0324,7.0318,25.2183,90.0187,89.9852,119.985,0.5657367172939655,0.5657367172939655,0.25395044684410095
214,33,80.0,0.6875,0.2188,0.0938,10.027000000000001,8.605,9.2332,90.0036,90.0021,90.0012,0.787008921310315,0.787008921310315,0.1227036714553833
215,206,80.0,0.0,0.25,0.75,10.0687,10.0687,10.0687,90.0016,90.0015,89.9977,0.7689528871315193,0.7689528871315193,0.07689803838729858
216,227,40.0,0.4375,0.5625,0.0,9.9758,5.7765,14.2297,90.7296,90.8478,30.2926,0.3897790241986628,0.3897790241986628,0.149257630109787
217,33,80.0,0.1875,0.0938,0.7188,10.954,9.3288,9.9543,90.001,89.99799999999998,90.0003,0.787008921310315,0.787008921310315,0.22921177744865417
218,194,80.0,0.9375,0.0312,0.0312,6.1149,6.1145,23.4343,90.0072,90.0037,120.0055,0.5657367172939655,0.5657367172939655,0.24062862992286682
219,33,40.0,0.375,0.625,0.0,5.0346,8.651,9.2729,90.0002,90.0021,90.0019,0.787008921310315,0.787008921310315,0.052259236574172974
220,194,80.0,0.0,0.9688,0.0312,6.4085,6.4086,24.1392,89.9963,90.0085,119.9937,0.5657367172939655,0.5657367172939655,0.12815973162651062
221,33,80.0,0.2188,0.4062,0.375,10.5581,9.0279,9.6507,90.0001,90.0002,90.0005,0.787008921310315,0.787008921310315,0.18974822759628296
222,194,80.0,0.7812,0.125,0.0938,6.2067,6.2064,23.6318,90.0128,90.0053,120.0024,0.5657367172939655,0.5657367172939655,0.26323235034942627
223,167,30.0,0.4167,0.5833,0.0,4.9566,4.9562,13.4178,89.9938,90.0075,120.0007,1.0633874388063722,1.0633874388063722,0.06550508737564087
224,167,30.0,0.8333,0.1667,0.0,4.8534,4.8532,13.2099,89.9864,90.0145,120.0016,1.0633874388063722,1.0633874388063722,0.0297715961933136
225,227,40.0,0.5625,0.125,0.3125,6.0121,6.0104,14.6902,90.0677,88.1058,120.0397,0.3897790241986628,0.3897790241986628,0.32634180784225464
226,227,40.0,0.625,0.25,0.125,10.115,5.8292,14.202,91.7648,92.0178,29.8231,0.3897790241986628,0.3897790241986628,0.23019003868103027
227,227,40.0,0.5,0.1875,0.3125,6.0155,6.0156,14.6554,90.0062,89.9889,119.9989,0.3897790241986628,0.3897790241986628,0.3250880241394043
228,206,80.0,0.375,0.25,0.375,9.579,9.5787,9.5788,90.0023,90.0026,89.9976,0.7689528871315193,0.7689528871315193,0.19762718677520752
229,206,80.0,0.5,0.2188,0.2812,9.4435,9.4431,9.4433,90.0024,90.0029,89.9978,0.7689528871315193,0.7689528871315193,0.20253238081932068
230,33,80.0,0.0625,0.4688,0.4688,10.7352,9.1688,9.7899,89.9989,89.9992,90.0002,0.787008921310315,0.787008921310315,0.17027738690376282
231,12,80.0,0.5312,0.4688,0.0,24.3695,6.018,5.7684,89.9995,103.8469,90.0002,0.662020959217855,0.662020959217855,0.029507547616958618
232,33,80.0,0.9062,0.0625,0.0312,9.8554,8.4654,9.0967,90.0054,90.0023,90.0013,0.787008921310315,0.787008921310315,0.0741567611694336
233,206,80.0,0.7812,0.0,0.2188,9.2703,9.2696,9.27,90.0017,90.0027,89.9993,0.7689528871315193,0.7689528871315193,0.2109909951686859
234,167,30.0,0.8333,0.0833,0.0833,4.8966,4.8964,13.3033,89.9868,90.0141,120.0017,1.0633874388063722,1.0633874388063722,0.0923178493976593
235,227,40.0,0.875,0.0,0.125,5.8346,5.8337,14.2095,90.0967,89.1697,120.054,0.3897790241986628,0.3897790241986628,0.2626500725746155
236,12,80.0,0.1875,0.8125,0.0,24.7268,6.1157,5.8388,89.9999,103.7248,90.0001,0.662020959217855,0.662020959217855,0.018489539623260498
237,206,80.0,0.4375,0.375,0.1875,9.3866,9.3863,9.3862,90.0033,90.0035,89.9967,0.7689528871315193,0.7689528871315193,0.17950603365898132
238,12,20.0,0.25,0.0,0.75,12.2319,3.2589,6.5962,90.0,105.6922,90.0001,0.662020959217855,0.662020959217855,0.28687572479248047
239,33,80.0,0.8438,0.125,0.0312,9.8847,8.4903,9.1205,90.0048,90.0023,90.0013,0.787008921310315,0.787008921310315,0.08101937174797058
240,33,80.0,0.4688,0.1562,0.375,10.4412,8.9282,9.5553,90.0026,90.0006,90.0006,0.787008921310315,0.787008921310315,0.22184795141220093
241,12,80.0,0.0,0.1562,0.8438,24.699,6.6413,6.7435,90.0003,105.8246,90.0,0.662020959217855,0.662020959217855,0.1559862494468689
242,206,80.0,0.7812,0.2188,0.0,9.0763,9.0757,9.0759,90.0033,90.00399999999998,89.9978,0.7689528871315193,0.7689528871315193,0.09549573063850403
243,167,30.0,0.9167,0.0833,0.0,4.8328,4.8326,13.1683,89.9848,90.016,120.0018,1.0633874388063722,1.0633874388063722,0.014866918325424194
244,227,40.0,0.25,0.75,0.0,10.1771,5.8596,14.2909,90.9202,91.0582,29.7242,0.3897790241986628,0.3897790241986628,0.1415163278579712
245,33,80.0,0.7188,0.0938,0.1875,10.1164,8.6712,9.3008,90.0043,90.0018,90.001,0.787008921310315,0.787008921310315,0.18074432015419006
246,227,40.0,0.25,0.4375,0.3125,6.0947,6.0937,14.3561,90.0173,90.0041,120.0027,0.3897790241986628,0.3897790241986628,0.27486658096313477
247,12,20.0,0.375,0.0,0.625,12.1835,3.2061,6.4421,89.9999,105.4406,90.0001,0.662020959217855,0.662020959217855,0.2521987557411194
248,167,30.0,0.1667,0.0,0.8333,5.4505,5.4501,14.4769,89.9963,90.0017,120.0013,1.0633874388063722,1.0633874388063722,0.1752890646457672
249,206,80.0,0.5312,0.3125,0.1562,9.3196,9.3192,9.3192,90.0032,90.0035,89.9971,0.7689528871315193,0.7689528871315193,0.17482468485832214
250,33,40.0,0.125,0.875,0.0,5.093,8.7506,9.3683,89.9976,90.0019,90.00200000000002,0.787008921310315,0.787008921310315,0.04354742169380188
251,206,80.0,0.0,0.3438,0.6562,9.9855,9.9855,9.9855,90.0022,90.0019,89.99700000000001,0.7689528871315193,0.7689528871315193,0.09898492693901062
252,206,80.0,0.4688,0.0,0.5312,9.6783,9.6779,9.6782,90.001,90.0017,89.9993,0.7689528871315193,0.7689528871315193,0.22902518510818481
253,194,80.0,0.3438,0.1875,0.4688,6.6185,6.6181,24.443,90.0139,90.0059,119.9919,0.5657367172939655,0.5657367172939655,0.3024522662162781
254,227,40.0,0.125,0.5625,0.3125,6.1219,6.1194,15.0176,90.0324,88.1752,120.0119,0.3897790241986628,0.3897790241986628,0.3051198422908783
255,12,20.0,0.625,0.375,0.0,12.1361,2.9957,5.7492,89.9994,103.8806,90.0002,0.662020959217855,0.662020959217855,0.03183981776237488
256,206,80.0,0.0,0.3125,0.6875,10.0132,10.0133,10.0133,90.00200000000002,90.0018,89.9973,0.7689528871315193,0.7689528871315193,0.09191131591796875
257,12,20.0,0.25,0.5,0.25,12.2979,3.1189,6.0820000000000025,89.9999,104.4479,90.0001,0.662020959217855,0.662020959217855,0.16647261381149292
258,227,40.0,0.0625,0.25,0.6875,6.3718,6.3701,15.1612,90.0094,89.9993,119.9996,0.3897790241986628,0.3897790241986628,0.29292750358581543
259,33,80.0,0.6562,0.0625,0.2812,10.2496,8.7748,9.4042,90.00399999999998,90.0014,90.0008,0.787008921310315,0.787008921310315,0.19703829288482666
260,206,80.0,0.4062,0.5938,0.0,9.2335,9.2331,9.2329,90.0048,90.0047,89.9952,0.7689528871315193,0.7689528871315193,0.09727934002876282
261,12,80.0,0.0,0.8438,0.1562,24.8804,6.2565,6.037000000000001,90.0002,104.1052,90.0001,0.662020959217855,0.662020959217855,0.025083541870117188
262,33,80.0,0.375,0.625,0.0,10.0691,8.651,9.2729,90.0002,90.0021,90.0019,0.787008921310315,0.787008921310315,0.060438334941864014
263,194,80.0,0.3438,0.0625,0.5938,6.711,6.7105,24.6039,90.0168,90.0059,119.9904,0.5657367172939655,0.5657367172939655,0.3168109059333801
264,12,20.0,0.0,0.75,0.25,12.4279,3.1545,6.1331,90.0002,104.36200000000001,90.0001,0.662020959217855,0.662020959217855,0.13081765174865723
265,33,80.0,0.6875,0.125,0.1875,10.131,8.6837,9.3127,90.00399999999998,90.0017,90.001,0.787008921310315,0.787008921310315,0.1832297444343567
266,194,10.0,0.75,0.0,0.25,3.1660000000000004,3.1658,11.9281,90.0118,90.0139,119.9992,0.5657367172939655,0.5657367172939655,0.30202579498291016
267,12,80.0,0.6875,0.3125,0.0,24.2072,5.9735,5.7364,89.9993,103.9031,90.0002,0.662020959217855,0.662020959217855,0.030165165662765503
268,167,30.0,0.4167,0.5833,0.0,4.9566,4.9562,13.4178,89.9938,90.0075,120.0007,1.0633874388063722,1.0633874388063722,0.06550508737564087
269,167,60.0,0.6667,0.0833,0.25,10.0485,5.024,13.5733,89.9901,90.0106,120.0015,1.0633874388063722,1.0633874388063722,0.1767171323299408
270,227,40.0,0.625,0.375,0.0,5.7912,5.7904,13.7829,90.0162,89.9997,120.0035,0.3897790241986628,0.3897790241986628,0.16911008954048157
271,194,80.0,0.4375,0.0625,0.5,6.6122,6.6118,24.4127,90.0163,90.0096,119.9924,0.5657367172939655,0.5657367172939655,0.31415855884552
272,194,80.0,0.8125,0.0625,0.125,6.2208,6.2204,23.6485,90.0111,90.0082,120.0022,0.5657367172939655,0.5657367172939655,0.25374382734298706
273,227,40.0,0.25,0.4375,0.3125,10.3702,6.0082,14.8015,91.0079,91.1711,30.3428,0.3897790241986628,0.3897790241986628,0.2782633304595947
274,194,80.0,0.375,0.4062,0.2188,6.4237,6.4235,24.0978,90.0129,90.0044,119.9957,0.5657367172939655,0.5657367172939655,0.24789202213287354
275,167,30.0,0.0,0.5,0.5,5.319,5.3184,14.1862,89.9999,89.9995,120.0005,1.0633874388063722,1.0633874388063722,0.1413051187992096
276,206,80.0,0.0938,0.0938,0.8125,10.0848,10.0847,10.085,90.0009,90.001,89.9987,0.7689528871315193,0.7689528871315193,0.09677433967590332
277,194,80.0,0.0,0.9062,0.0938,6.4545,6.4545,24.2195,89.9954,90.0074,119.9928,0.5657367172939655,0.5657367172939655,0.12256968021392822
278,167,30.0,0.6667,0.1667,0.1667,4.9811,4.9808,13.4799,89.99,90.0109,120.0014,1.0633874388063722,1.0633874388063722,0.14396217465400696
279,12,80.0,0.3438,0.4062,0.25,24.4984,6.2112,6.0629,89.9998,104.4804,90.0001,0.662020959217855,0.662020959217855,0.10811218619346619
280,12,80.0,0.5625,0.4375,0.0,24.337,6.0091,5.7620000000000005,89.9995,103.8581,90.0002,0.662020959217855,0.662020959217855,0.02576121687889099
281,167,60.0,0.1667,0.8333,0.0,10.037,5.018,13.5425,89.9979,90.0034,120.0001,1.0633874388063722,1.0633874388063722,0.06764176487922668
282,33,80.0,0.9688,0.0312,0.0,9.7916,8.4142,9.0463,90.0058,90.0024,90.0013,0.787008921310315,0.787008921310315,0.04948759078979492
283,227,40.0,0.125,0.5625,0.3125,6.1219,6.1194,15.0176,90.0324,88.1752,120.0119,0.3897790241986628,0.3897790241986628,0.3051198422908783
284,12,20.0,0.125,0.625,0.25,12.3629,3.1367,6.1075,90.0001,104.4048,90.0001,0.662020959217855,0.662020959217855,0.1705680787563324
285,12,80.0,0.0625,0.0312,0.9062,24.6176,6.6585,6.7954,90.0003,105.9838,90.0,0.662020959217855,0.662020959217855,0.20802485942840576
286,33,80.0,0.5312,0.375,0.0938,10.1001,8.6673,9.2928,90.0021,90.0019,90.0013,0.787008921310315,0.787008921310315,0.1198875904083252
287,167,30.0,0.75,0.25,0.0,4.8741,4.8738,13.2515,89.9879,90.0131,120.0014,1.0633874388063722,1.0633874388063722,0.03683754801750183
288,206,80.0,0.5312,0.2188,0.25,9.4027,9.4023,9.4025,90.0025,90.00299999999999,89.9978,0.7689528871315193,0.7689528871315193,0.19948703050613403
289,227,40.0,0.75,0.25,0.0,9.8735,5.6914,13.9587,92.5185,92.2888,30.1492,0.3897790241986628,0.3897790241986628,0.13157472014427185
290,194,80.0,0.9688,0.0312,0.0,6.0828,6.0824,23.3707,90.0062,90.0015,120.0065,0.5657367172939655,0.5657367172939655,0.197945237159729
291,227,40.0,0.5625,0.4375,0.0,5.8083,5.8074,13.8157,90.0171,89.9995,120.0037,0.3897790241986628,0.3897790241986628,0.17777034640312195
292,194,80.0,0.9062,0.0938,0.0,6.1007,6.1003,23.4176,90.0099,90.0003,120.0058,0.5657367172939655,0.5657367172939655,0.186678946018219
293,227,40.0,0.4375,0.25,0.3125,10.2905,5.961,14.6799,90.9458,91.0978,30.3261,0.3897790241986628,0.3897790241986628,0.3137551546096802
294,227,40.0,0.875,0.0625,0.0625,5.7404,5.7402,14.044,89.9998,90.0016,119.9967,0.3897790241986628,0.3897790241986628,0.2433309555053711
295,12,20.0,0.125,0.5,0.375,12.3464,3.1717,6.2358,90.0001,104.735,90.0001,0.662020959217855,0.662020959217855,0.16954031586647034
296,167,30.0,0.25,0.1667,0.5833,5.3002,5.2998,14.155,89.9962,90.0031,120.0011,1.0633874388063722,1.0633874388063722,0.19429486989974976
297,33,80.0,0.6562,0.125,0.2188,10.1803,8.7224,9.3511,90.0038,90.0016,90.0009,0.787008921310315,0.787008921310315,0.1785677969455719
298,167,30.0,0.4167,0.5,0.0833,4.9998,4.9994,13.5112,89.994,90.0072,120.0008,1.0633874388063722,1.0633874388063722,0.0965929627418518
299,12,80.0,0.5,0.25,0.25,24.336,6.1668,6.0310000000000015,89.9996,104.5348,90.0002,0.662020959217855,0.662020959217855,0.140153169631958
300,206,80.0,0.4375,0.5625,0.0,9.2204,9.22,9.2199,90.0047,90.0046,89.9954,0.7689528871315193,0.7689528871315193,0.09766718745231628
301,206,80.0,0.0,0.5,0.5,9.847000000000001,9.847000000000001,9.8468,90.0031,90.0027,89.99600000000002,0.7689528871315193,0.7689528871315193,0.12102442979812622
302,33,40.0,0.0,0.8125,0.1875,5.2262,8.9578,9.5751,89.9972,90.0008,90.001,0.787008921310315,0.787008921310315,0.09833648800849915
303,227,40.0,0.375,0.625,0.0,10.0809,5.7825,14.3189,94.6468,93.8361,30.105,0.3897790241986628,0.3897790241986628,0.1292250156402588
304,194,80.0,0.125,0.4375,0.4375,6.666,6.6657,24.5675,90.0047,90.0006,119.99,0.5657367172939655,0.5657367172939655,0.25832808017730713
305,206,80.0,0.0312,0.0312,0.9375,10.2218,10.2218,10.2221,90.0006,90.0006,89.9992,0.7689528871315193,0.7689528871315193,0.03866899013519287
306,12,80.0,0.2812,0.2812,0.4375,24.5138,6.3339,6.2682,89.9999,104.9481,90.0001,0.662020959217855,0.662020959217855,0.15571460127830505
307,227,40.0,0.25,0.625,0.125,10.1813,5.8975,14.5314,90.882,91.0255,30.3233,0.3897790241986628,0.3897790241986628,0.18163758516311646
308,167,60.0,0.7083,0.0417,0.25,10.0279,5.0137,13.5526,89.9895,90.0112,120.0016,1.0633874388063722,1.0633874388063722,0.1814439296722412
309,227,40.0,0.5,0.1875,0.3125,10.264000000000001,5.9453,14.6393,90.9248,91.0731,30.3205,0.3897790241986628,0.3897790241986628,0.3001645803451538
310,206,80.0,0.5,0.2188,0.2812,9.4435,9.4431,9.4433,90.0024,90.0029,89.9978,0.7689528871315193,0.7689528871315193,0.20253238081932068
311,227,40.0,0.375,0.3125,0.3125,6.0591,6.0571,14.8305,90.052,88.1362,120.0277,0.3897790241986628,0.3897790241986628,0.343339741230011
312,206,80.0,0.2188,0.0625,0.7188,9.9493,9.9491,9.9494,90.0009,90.0012,89.9989,0.7689528871315193,0.7689528871315193,0.16092634201049805
313,12,80.0,0.375,0.3125,0.3125,24.4494,6.2373,6.1206,89.9998,104.6574,90.0001,0.662020959217855,0.662020959217855,0.1575603187084198
314,12,20.0,0.625,0.0,0.375,12.0865,3.1006,6.1339999999999995,89.9995,104.9066,90.0002,0.662020959217855,0.662020959217855,0.2493779957294464
315,194,80.0,0.3125,0.3438,0.3438,6.5360000000000005,6.5357,24.3056,90.0114,90.0047,119.9932,0.5657367172939655,0.5657367172939655,0.255403995513916
316,33,80.0,0.125,0.0625,0.8125,11.0873,9.4324,10.0577,90.0006,89.9971,90.0003,0.787008921310315,0.787008921310315,0.21512570977210999
317,167,60.0,0.8333,0.1667,0.0,9.7069,4.8532,13.2099,89.9864,90.0145,120.0016,1.0633874388063722,1.0633874388063722,0.03298422694206238
318,227,40.0,0.0625,0.625,0.3125,10.0761,5.935,14.7732,95.9464,97.0102,31.9055,0.3897790241986628,0.3897790241986628,0.24022504687309265
319,167,30.0,0.3333,0.6667,0.0,4.9772,4.9768,13.4593,89.9952,90.0061,120.0005,1.0633874388063722,1.0633874388063722,0.06723153591156006
320,206,80.0,0.0,0.8125,0.1875,9.5699,9.5699,9.5695,90.005,90.0043,89.9938,0.7689528871315193,0.7689528871315193,0.1132659912109375
321,167,60.0,0.4167,0.0,0.5833,10.5179,5.2586,14.0718,89.9939,90.0057,120.0015,1.0633874388063722,1.0633874388063722,0.2169201374053955
322,206,80.0,0.375,0.625,0.0,9.2466,9.2463,9.246,90.0049,90.0047,89.995,0.7689528871315193,0.7689528871315193,0.09669464826583862
323,227,40.0,0.25,0.4375,0.3125,6.0905,6.0882,14.9241,90.042,88.1559,120.0197,0.3897790241986628,0.3897790241986628,0.2900563180446625
324,33,40.0,0.3125,0.6875,0.0,5.0492,8.6759,9.2968,89.9995,90.0021,90.0019,0.787008921310315,0.787008921310315,0.05503353476524353
325,206,80.0,0.0,0.1875,0.8125,10.1241,10.1241,10.1242,90.0013,90.0012,89.9981,0.7689528871315193,0.7689528871315193,0.06048262119293213
326,167,60.0,0.5833,0.0833,0.3333,10.1762,5.0878,13.7084,89.9916,90.0089,120.0015,1.0633874388063722,1.0633874388063722,0.205390065908432
327,167,30.0,0.8333,0.1667,0.0,4.8534,4.8532,13.2099,89.9864,90.0145,120.0016,1.0633874388063722,1.0633874388063722,0.0297715961933136
328,167,30.0,0.6667,0.25,0.0833,4.9379,4.9376,13.3865,89.9897,90.0113,120.0013,1.0633874388063722,1.0633874388063722,0.09325286746025085
329,12,80.0,0.0312,0.5,0.4688,24.7655,6.4225,6.3512,90.0002,104.9427,90.0001,0.662020959217855,0.662020959217855,0.14784997701644897
330,206,80.0,0.4688,0.2812,0.25,9.4289,9.4286,9.4286,90.0028,90.0031,89.9973,0.7689528871315193,0.7689528871315193,0.1941346824169159
331,167,30.0,0.4167,0.1667,0.4167,5.1726,5.1722,13.8849,89.9941,90.006,120.0012,1.0633874388063722,1.0633874388063722,0.2113935947418213
332,206,80.0,0.4062,0.5938,0.0,9.2335,9.2331,9.2329,90.0048,90.0047,89.9952,0.7689528871315193,0.7689528871315193,0.09727934002876282
333,194,80.0,0.75,0.0625,0.1875,6.2856,6.2852,23.7758,90.0123,90.0104,120.0003,0.5657367172939655,0.5657367172939655,0.3196569085121155
334,12,80.0,0.2188,0.25,0.5312,24.5541,6.4042,6.3773,90.0,105.1611,90.0001,0.662020959217855,0.662020959217855,0.17942756414413452
335,206,80.0,0.3125,0.1562,0.5312,9.7438,9.7435,9.7437,90.0016,90.00200000000002,89.9982,0.7689528871315193,0.7689528871315193,0.20733168721199036
336,12,20.0,0.5,0.0,0.5,12.135,3.1533,6.287999999999999,89.9997,105.179,90.0001,0.662020959217855,0.662020959217855,0.288338303565979
337,12,20.0,0.5,0.5,0.0,12.200999999999999,3.0134,5.7748,89.9995,103.8357,90.0002,0.662020959217855,0.662020959217855,0.034770458936691284
338,33,40.0,0.0,0.875,0.125,5.1916,8.9053,9.5221,89.9969,90.0011,90.0013,0.787008921310315,0.787008921310315,0.07825475931167603
339,206,80.0,0.4062,0.0,0.5938,9.7599,9.7596,9.7599,90.0009,90.0015,89.9993,0.7689528871315193,0.7689528871315193,0.21273910999298096
340,206,80.0,0.4375,0.2812,0.2812,9.4697,9.4694,9.4695,90.0027,90.00299999999999,89.9974,0.7689528871315193,0.7689528871315193,0.1927804946899414
341,33,40.0,0.0,0.5,0.5,5.3995,9.22,9.8402,89.9983,89.9989,90.0001,0.787008921310315,0.787008921310315,0.11436152458190918
342,167,60.0,0.0,0.9583,0.0417,10.1627,5.0808,13.6723,90.0007,90.0005,119.9998,1.0633874388063722,1.0633874388063722,0.08843004703521729
343,33,80.0,0.125,0.0,0.875,11.1566,9.4849,10.1107,90.0008,89.9967,90.0004,0.787008921310315,0.787008921310315,0.2171068787574768
344,206,80.0,0.4688,0.5312,0.0,9.2073,9.2069,9.2068,90.0045,90.0046,89.9956,0.7689528871315193,0.7689528871315193,0.10063567757606506
345,194,80.0,0.9062,0.0312,0.0625,6.1471,6.1467,23.4979,90.0081,90.0057,120.0045,0.5657367172939655,0.5657367172939655,0.275643914937973
346,167,30.0,0.25,0.5,0.25,5.1274,5.127000000000002,13.7812,89.9968,90.0039,120.0006,1.0633874388063722,1.0633874388063722,0.17106658220291138
347,12,80.0,0.2188,0.4375,0.3438,24.6036,6.2992,6.1846,90.0,104.6857,90.0001,0.662020959217855,0.662020959217855,0.10509133338928223
348,194,80.0,0.4062,0.3125,0.2812,6.46,6.4598,24.1547,90.0135,90.0059,119.9951,0.5657367172939655,0.5657367172939655,0.2844902575016022
349,194,80.0,0.5625,0.0,0.4375,6.5274,6.527,24.2382,90.0158,90.0139,119.9944,0.5657367172939655,0.5657367172939655,0.3232964277267456
350,12,80.0,0.2812,0.5,0.2188,24.5716,6.2115,6.0436,89.9999,104.3742,90.0001,0.662020959217855,0.662020959217855,0.12309002876281738
351,33,80.0,0.4688,0.1875,0.3438,10.4066,8.902000000000003,9.5287,90.0025,90.0008,90.0007,0.787008921310315,0.787008921310315,0.21133393049240112
352,33,80.0,0.0312,0.0312,0.9375,11.2697,9.5747,10.1995,90.0001,89.9959,90.0003,0.787008921310315,0.787008921310315,0.17202794551849365
353,206,80.0,0.0,0.25,0.75,10.0687,10.0687,10.0687,90.0016,90.0015,89.9977,0.7689528871315193,0.7689528871315193,0.07689803838729858
354,12,80.0,0.375,0.4688,0.1562,24.4906,6.1499,5.9604,89.9997,104.2355,90.0001,0.662020959217855,0.662020959217855,0.11094364523887634
355,206,80.0,0.25,0.75,0.0,9.2989,9.2987,9.2984,90.0054,90.0049,89.9941,0.7689528871315193,0.7689528871315193,0.08980762958526611
356,33,40.0,0.1875,0.0,0.8125,5.529,9.4075,10.0338,90.0013,89.9973,90.0004,0.787008921310315,0.787008921310315,0.22417771816253662
357,12,20.0,0.75,0.0,0.25,12.0381,3.0478,5.9801,89.9993,104.6228,90.0002,0.662020959217855,0.662020959217855,0.198347270488739
358,33,80.0,0.5,0.4062,0.0938,10.1147,8.6798,9.3047,90.0018,90.0019,90.0014,0.787008921310315,0.787008921310315,0.11976838111877441
359,167,30.0,0.5833,0.4167,0.0,4.9153,4.915,13.3346,89.9909,90.0103,120.0011,1.0633874388063722,1.0633874388063722,0.05778658390045166
360,194,80.0,0.6875,0.125,0.1875,6.3042,6.3038,23.8227,90.0138,90.0088,119.9996,0.5657367172939655,0.5657367172939655,0.3122887909412384
361,167,30.0,0.0833,0.8333,0.0833,5.0823,5.0818,13.6775,89.9994,90.0017,120.0001,1.0633874388063722,1.0633874388063722,0.10478845238685608
362,33,80.0,0.3125,0.25,0.4375,10.5836,9.043,9.6679,90.0013,90.0,90.0005,0.787008921310315,0.787008921310315,0.21762171387672424
363,167,30.0,0.6667,0.25,0.0833,4.9379,4.9376,13.3865,89.9897,90.0113,120.0013,1.0633874388063722,1.0633874388063722,0.09325286746025085
364,33,40.0,0.125,0.125,0.75,5.5089999999999995,9.38,10.0046,90.0004,89.9976,90.0002,0.787008921310315,0.787008921310315,0.2069428563117981
365,194,80.0,0.7812,0.1562,0.0625,6.1835,6.1832,23.5917,90.0135,90.0032,120.0031,0.5657367172939655,0.5657367172939655,0.24943628907203674
366,12,80.0,0.5,0.0,0.5,24.27,6.3067,6.287999999999999,89.9997,105.179,90.0001,0.662020959217855,0.662020959217855,0.275103360414505
367,12,80.0,0.4062,0.4375,0.1562,24.4582,6.141,5.954,89.9997,104.2464,90.0002,0.662020959217855,0.662020959217855,0.10883486270904541
368,12,80.0,0.0,0.9688,0.0312,24.9134,6.1865,5.9092,90.0001,103.7502,90.0001,0.662020959217855,0.662020959217855,-0.001387476921081543
369,206,80.0,0.2188,0.0,0.7812,10.0047,10.0045,10.0049,90.0006,90.0009,89.9993,0.7689528871315193,0.7689528871315193,0.13116365671157837
370,194,80.0,0.4375,0.1562,0.4062,6.5428,6.5424,24.291999999999998,90.0148,90.0085,119.9936,0.5657367172939655,0.5657367172939655,0.2977913022041321
371,12,80.0,0.1562,0.5,0.3438,24.6685,6.317,6.1973,90.0,104.6643,90.0001,0.662020959217855,0.662020959217855,0.13936004042625427
372,194,80.0,0.0,0.9375,0.0625,6.4315,6.4316,24.1793,89.9958,90.008,119.9933,0.5657367172939655,0.5657367172939655,0.13337692618370056
373,206,80.0,0.5312,0.4688,0.0,9.1811,9.1807,9.1806,90.0043,90.0045,89.9961,0.7689528871315193,0.7689528871315193,0.10134300589561462
374,167,30.0,0.6667,0.0833,0.25,5.0243,5.024,13.5733,89.9901,90.0106,120.0015,1.0633874388063722,1.0633874388063722,0.17802226543426514
375,206,80.0,0.875,0.0,0.125,9.1479,9.1472,9.1475,90.00200000000002,90.0031,89.9993,0.7689528871315193,0.7689528871315193,0.17571982741355896
376,206,80.0,0.0312,0.0,0.9688,10.2496,10.2495,10.2498,90.0004,90.0004,89.9994,0.7689528871315193,0.7689528871315193,0.023974895477294922
377,194,80.0,0.2812,0.375,0.3438,6.546,6.5457,24.3292,90.0104,90.0042,119.9928,0.5657367172939655,0.5657367172939655,0.24724113941192627
378,206,80.0,0.0,0.5312,0.4688,9.8193,9.8193,9.8191,90.0032,90.0028,89.9957,0.7689528871315193,0.7689528871315193,0.12378266453742981
379,167,30.0,0.5,0.5,0.0,4.936,4.9356,13.3762,89.9923,90.0089,120.0009,1.0633874388063722,1.0633874388063722,0.064785897731781
380,194,80.0,0.8125,0.1875,0.0,6.1279,6.1276,23.4879,90.0142,89.999,120.0047,0.5657367172939655,0.5657367172939655,0.19660291075706482
381,227,40.0,0.5,0.4375,0.0625,10.0676,5.7862,14.2862,94.3021,93.6639,30.1434,0.3897790241986628,0.3897790241986628,0.1921936571598053
382,167,30.0,0.25,0.75,0.0,4.9979,4.9974,13.5009,89.9966,90.0048,120.0003,1.0633874388063722,1.0633874388063722,0.06803563237190247
383,227,40.0,0.3125,0.375,0.3125,6.0776,6.0767,14.3233,90.0169,90.0038,120.0025,0.3897790241986628,0.3897790241986628,0.28552210330963135
384,206,80.0,0.1562,0.1875,0.6562,9.9201,9.9199,9.9201,90.0015,90.0016,89.99799999999998,0.7689528871315193,0.7689528871315193,0.16361159086227417
385,227,40.0,0.875,0.0,0.125,5.8346,5.8337,14.2095,90.0967,89.1697,120.054,0.3897790241986628,0.3897790241986628,0.2626500725746155
386,194,80.0,0.0,0.0625,0.9375,7.0760000000000005,7.0754,25.3057,90.0168,89.9805,119.9843,0.5657367172939655,0.5657367172939655,0.15500813722610474
387,33,40.0,0.8125,0.1875,0.0,4.9323,8.4765,9.1059,90.0044,90.0024,90.0015,0.787008921310315,0.787008921310315,0.04371517896652222
388,167,30.0,0.75,0.1667,0.0833,4.9172,4.917,13.3449,89.9883,90.0127,120.0015,1.0633874388063722,1.0633874388063722,0.09829726815223694
389,206,80.0,0.375,0.375,0.25,9.4682,9.4679,9.4679,90.0031,90.0033,89.9967,0.7689528871315193,0.7689528871315193,0.1827699840068817
390,167,30.0,0.25,0.0,0.75,5.3867,5.3862,14.3418,89.9956,90.0029,120.0014,1.0633874388063722,1.0633874388063722,0.19152018427848816
391,194,80.0,0.8438,0.0,0.1562,6.2349,6.2344,23.6653,90.0093,90.0112,120.0019,0.5657367172939655,0.5657367172939655,0.28302550315856934
392,194,80.0,0.0938,0.4688,0.4375,6.6763,6.676,24.590999999999998,90.0029,90.0,119.9897,0.5657367172939655,0.5657367172939655,0.26240310072898865
393,12,80.0,0.0,0.4688,0.5312,24.7815,6.4664,6.4217,90.0003,105.0881,90.0,0.662020959217855,0.662020959217855,0.022143185138702393
394,227,40.0,0.0,0.3125,0.6875,6.4043,6.4033,14.939,90.0155,90.0098,120.0014,0.3897790241986628,0.3897790241986628,0.27115610241889954
395,33,80.0,0.625,0.0312,0.3438,10.3335,8.8397,9.4691,90.00399999999998,90.0011,90.0007,0.787008921310315,0.787008921310315,0.22461214661598206
396,206,80.0,0.375,0.4375,0.1875,9.4128,9.4125,9.4124,90.0036,90.0036,89.9963,0.7689528871315193,0.7689528871315193,0.17811059951782227
397,227,40.0,0.0,0.1875,0.8125,6.4668,6.4661,15.6092,90.0216,90.0146,119.9949,0.3897790241986628,0.3897790241986628,0.2882516384124756
398,33,40.0,0.3125,0.0,0.6875,5.4305,9.2528,9.88,90.0021,89.9985,90.0004,0.787008921310315,0.787008921310315,0.22983410954475403
399,227,40.0,0.875,0.0625,0.0625,5.761,5.7608,13.8549,90.0039,89.9948,119.9994,0.3897790241986628,0.3897790241986628,0.2593131959438324
400,206,80.0,0.25,0.75,0.0,9.2989,9.2987,9.2984,90.0054,90.0049,89.9941,0.7689528871315193,0.7689528871315193,0.08980762958526611
401,12,20.0,0.125,0.875,0.0,12.3959,3.0668,5.8516,90.0,103.7028,90.0001,0.662020959217855,0.662020959217855,0.010844677686691284
402,33,80.0,0.0938,0.0312,0.875,11.1712,9.4973,10.1226,90.0005,89.9966,90.0003,0.787008921310315,0.787008921310315,0.19907823204994202
403,227,40.0,0.5,0.5,0.0,9.9836,5.7785,13.9692,90.6703,90.7763,30.2489,0.3897790241986628,0.3897790241986628,0.15608108043670654
404,33,80.0,0.5312,0.25,0.2188,10.2387,8.7722,9.3988,90.0026,90.0014,90.0009,0.787008921310315,0.787008921310315,0.17849969863891602
405,206,80.0,0.0,0.2188,0.7812,10.0964,10.0964,10.0965,90.0015,90.0013,89.9979,0.7689528871315193,0.7689528871315193,0.06959152221679688
406,194,80.0,0.3438,0.5938,0.0625,6.3181,6.3181,23.9205,90.0141,90.0017,119.9978,0.5657367172939655,0.5657367172939655,0.2101806104183197
407,167,30.0,0.0833,0.0833,0.8333,5.4712,5.4707,14.5184,89.9974,90.0005,120.0012,1.0633874388063722,1.0633874388063722,0.14232710003852844
408,12,20.0,0.0,0.625,0.375,12.4114,3.1895,6.2612,90.0002,104.6927,90.0001,0.662020959217855,0.662020959217855,0.13109400868415833
409,206,80.0,0.0625,0.0312,0.9062,10.181000000000001,10.181000000000001,10.1813,90.0006,90.0007,89.9991,0.7689528871315193,0.7689528871315193,0.06921163201332092
410,227,40.0,0.0,0.6875,0.3125,10.0585,5.8483,14.488,91.4589,91.6958,30.6914,0.3897790241986628,0.3897790241986628,0.1640479564666748
411,12,80.0,0.0,0.9062,0.0938,24.8969,6.2215,5.9731,90.0002,103.9295,90.0001,0.662020959217855,0.662020959217855,0.012726426124572754
412,12,80.0,0.0938,0.5,0.4062,24.717,6.3698,6.2742,90.0001,104.8049,90.0001,0.662020959217855,0.662020959217855,0.15561962127685547
413,206,80.0,0.0312,0.0938,0.875,10.1664,10.1664,10.1666,90.0009,90.0008,89.9987,0.7689528871315193,0.7689528871315193,0.05472347140312195
414,167,30.0,0.0,0.5833,0.4167,5.2758,5.2752,14.0928,90.0002,89.9996,120.0004,1.0633874388063722,1.0633874388063722,0.14265039563179016
415,227,40.0,0.125,0.5625,0.3125,6.1287,6.1276,14.4218,90.0181,90.0048,120.0032,0.3897790241986628,0.3897790241986628,0.26110783219337463
416,206,80.0,0.0625,0.0938,0.8438,10.1256,10.1256,10.1258,90.0009,90.0009,89.9987,0.7689528871315193,0.7689528871315193,0.08480927348136902
417,227,40.0,0.0625,0.1875,0.75,6.3744,6.3744,15.6513,89.9999,89.9937,120.0011,0.3897790241986628,0.3897790241986628,0.3082703649997711
418,206,80.0,0.8125,0.1875,0.0,9.0633,9.0626,9.0628,90.0032,90.00399999999998,89.9981,0.7689528871315193,0.7689528871315193,0.09106189012527466
419,33,40.0,0.0,0.3125,0.6875,5.5035,9.3773,9.9993,89.999,89.9976,90.0,0.787008921310315,0.787008921310315,0.13283893465995789
420,227,40.0,0.5625,0.4375,0.0,9.9563,5.7623,13.9342,90.6511,90.7539,30.2432,0.3897790241986628,0.3897790241986628,0.16100484132766724
421,167,30.0,0.1667,0.1667,0.6667,5.3641,5.3636,14.29,89.99700000000001,90.0018,120.0011,1.0633874388063722,1.0633874388063722,0.17923733592033386
422,194,10.0,0.75,0.25,0.0,3.0732,3.073,11.7674,90.0162,89.9984,120.00399999999999,0.5657367172939655,0.5657367172939655,0.16319212317466736
423,167,30.0,0.75,0.1667,0.0833,4.9172,4.917,13.3449,89.9883,90.0127,120.0015,1.0633874388063722,1.0633874388063722,0.09829726815223694
424,227,40.0,0.5625,0.125,0.3125,10.2374,5.9295,14.5988,90.9038,91.0482,30.3148,0.3897790241986628,0.3897790241986628,0.3293350636959076
425,227,40.0,0.625,0.375,0.0,9.8219,5.7031,14.0841,91.0851,91.2585,30.5595,0.3897790241986628,0.3897790241986628,0.141455739736557
426,206,80.0,0.0,0.0625,0.9375,10.2349,10.2349,10.2352,90.0007,90.0006,89.999,0.7689528871315193,0.7689528871315193,0.027768641710281372
427,167,30.0,0.1667,0.6667,0.1667,5.1049,5.1044,13.7293,89.9981,90.0028,120.0004,1.0633874388063722,1.0633874388063722,0.1442585289478302
428,12,80.0,0.375,0.1562,0.4688,24.4081,6.3248,6.2812,89.9998,105.0586,90.0001,0.662020959217855,0.662020959217855,0.2225373089313507
429,206,80.0,0.5,0.375,0.125,9.305,9.3046,9.3046,90.0035,90.0038,89.9967,0.7689528871315193,0.7689528871315193,0.15213346481323242
430,227,40.0,0.375,0.625,0.0,10.0023,5.7923,14.2702,90.7517,90.8738,30.2984,0.3897790241986628,0.3897790241986628,0.14983892440795898
431,206,80.0,0.5,0.3438,0.1562,9.3327,9.3323,9.3323,90.0033,90.0036,89.9969,0.7689528871315193,0.7689528871315193,0.17040365934371948
432,206,80.0,0.0,0.0625,0.9375,10.2349,10.2349,10.2352,90.0007,90.0006,89.999,0.7689528871315193,0.7689528871315193,0.027768641710281372
433,194,80.0,0.4062,0.3125,0.2812,6.46,6.4598,24.1547,90.0135,90.0059,119.9951,0.5657367172939655,0.5657367172939655,0.2844902575016022
434,206,80.0,0.4062,0.375,0.2188,9.4274,9.4271,9.4271,90.0032,90.0034,89.9967,0.7689528871315193,0.7689528871315193,0.17923441529273987
435,33,80.0,0.75,0.0625,0.1875,10.1018,8.6588,9.2888,90.0046,90.0018,90.001,0.787008921310315,0.787008921310315,0.181382417678833
436,33,80.0,0.0625,0.75,0.1875,10.4232,8.9329,9.5513,89.9978,90.0009,90.001,0.787008921310315,0.787008921310315,0.12528562545776367
437,194,80.0,0.5938,0.25,0.1562,6.3093,6.3091,23.853,90.0155,90.0054,119.9992,0.5657367172939655,0.5657367172939655,0.2895553410053253
438,227,40.0,0.0,0.0625,0.9375,6.5021,6.5018,15.8891,89.9804,90.0206,119.9903,0.3897790241986628,0.3897790241986628,0.28790250420570374
439,206,80.0,0.4688,0.375,0.1562,9.3458,9.3454,9.3454,90.0034,90.0037,89.9967,0.7689528871315193,0.7689528871315193,0.16650530695915222
440,194,80.0,0.25,0.0938,0.6562,6.787000000000001,6.7865,24.7549,90.016,90.0011,119.9888,0.5657367172939655,0.5657367172939655,0.29042118787765503
441,227,40.0,0.0625,0.1875,0.75,6.4275,6.4266,14.9814,90.0151,90.0094,120.0009,0.3897790241986628,0.3897790241986628,0.3035348653793335
442,194,80.0,0.75,0.25,0.0,6.1464,6.1461,23.5348,90.0162,89.9984,120.00399999999999,0.5657367172939655,0.5657367172939655,0.19683486223220825
443,12,80.0,0.1875,0.5,0.3125,24.6443,6.2906,6.1589,90.0,104.5929,90.0001,0.662020959217855,0.662020959217855,0.12950536608695984
444,206,80.0,0.0,0.9375,0.0625,9.4591,9.4591,9.4586,90.0059,90.005,89.9929,0.7689528871315193,0.7689528871315193,0.10080063343048096
445,206,80.0,0.5312,0.1562,0.3125,9.4581,9.4577,9.4579,90.0021,90.0027,89.9982,0.7689528871315193,0.7689528871315193,0.22091466188430786
446,167,30.0,0.8333,0.1667,0.0,4.8534,4.8532,13.2099,89.9864,90.0145,120.0016,1.0633874388063722,1.0633874388063722,0.0297715961933136
447,167,30.0,0.5833,0.0833,0.3333,5.0881,5.0878,13.7084,89.9916,90.0089,120.0015,1.0633874388063722,1.0633874388063722,0.21301528811454773
448,227,40.0,0.0625,0.625,0.3125,6.1377,6.1351,15.0644,90.0277,88.1847,120.008,0.3897790241986628,0.3897790241986628,0.27776435017585754
449,33,80.0,0.4375,0.4062,0.1562,10.2132,8.7571,9.3816,90.0014,90.0016,90.0011,0.787008921310315,0.787008921310315,0.14437025785446167
450,194,80.0,0.3438,0.3125,0.3438,6.5261,6.5257,24.2821,90.0123,90.0054,119.9935,0.5657367172939655,0.5657367172939655,0.2974916696548462
451,206,80.0,0.0,0.7188,0.2812,9.652999999999999,9.6531,9.6527,90.0044,90.0038,89.9944,0.7689528871315193,0.7689528871315193,0.11907917261123657
452,12,20.0,0.125,0.75,0.125,12.3794,3.1017,5.9795,90.0,104.0611,90.0001,0.662020959217855,0.662020959217855,0.08754667639732361
453,206,80.0,0.0,0.4688,0.5312,9.8747,9.8747,9.8746,90.0029,90.0025,89.9962,0.7689528871315193,0.7689528871315193,0.11728140711784363
454,194,80.0,0.2188,0.1562,0.625,6.774,6.7735,24.7382,90.0138,90.0002,119.9889,0.5657367172939655,0.5657367172939655,0.2915158271789551
455,206,80.0,0.5,0.2188,0.2812,9.4435,9.4431,9.4433,90.0024,90.0029,89.9978,0.7689528871315193,0.7689528871315193,0.20253238081932068
456,194,80.0,0.0,0.625,0.375,6.6614,6.6612,24.5813,89.99600000000002,90.0006,119.9893,0.5657367172939655,0.5657367172939655,0.07080239057540894
457,227,40.0,0.625,0.375,0.0,9.8961,5.7293,14.1081,90.6626,90.7688,30.275,0.3897790241986628,0.3897790241986628,0.14262446761131287
458,206,80.0,0.25,0.4375,0.3125,9.576,9.5758,9.5757,90.0032,90.0032,89.9963,0.7689528871315193,0.7689528871315193,0.18587124347686768
459,12,80.0,0.5,0.5,0.0,24.401999999999997,6.0269,5.7748,89.9995,103.8357,90.0002,0.662020959217855,0.662020959217855,0.02911713719367981
460,227,40.0,0.0,0.1875,0.8125,10.9802,6.3662,15.6847,91.397,91.6226,30.4126,0.3897790241986628,0.3897790241986628,0.2334100306034088
461,206,80.0,0.0,0.8438,0.1562,9.5422,9.5422,9.5418,90.0053,90.0045,89.9936,0.7689528871315193,0.7689528871315193,0.11665672063827515
462,12,80.0,0.4375,0.3125,0.25,24.4009,6.1845,6.0437,89.9997,104.51299999999999,90.0001,0.662020959217855,0.662020959217855,0.1307935118675232
463,206,80.0,0.0938,0.0625,0.8438,10.1125,10.1124,10.1127,90.0008,90.0009,89.9989,0.7689528871315193,0.7689528871315193,0.0869147777557373
464,167,30.0,0.5833,0.25,0.1667,5.0017,5.0014,13.5215,89.9914,90.0095,120.0013,1.0633874388063722,1.0633874388063722,0.145416259765625
465,206,80.0,0.0312,0.0625,0.9062,10.1941,10.1941,10.1943,90.0007,90.0007,89.9989,0.7689528871315193,0.7689528871315193,0.04575046896934509
466,227,40.0,0.3125,0.375,0.3125,6.067,6.0669,14.7683,90.0163,89.9995,119.9961,0.3897790241986628,0.3897790241986628,0.30330541729927063
467,194,80.0,0.0938,0.5625,0.3438,6.6072,6.6069,24.4704,90.0016,90.0019,119.9908,0.5657367172939655,0.5657367172939655,0.26806944608688354
468,227,40.0,0.625,0.25,0.125,9.8219,5.7031,14.0841,91.0851,91.2585,30.5595,0.3897790241986628,0.3897790241986628,0.2199697494506836
469,206,80.0,0.0938,0.2812,0.625,9.9185,9.9185,9.9185,90.00200000000002,90.0019,89.9974,0.7689528871315193,0.7689528871315193,0.14654594659805298
470,206,80.0,0.3438,0.6562,0.0,9.2597,9.2594,9.2591,90.005,90.0048,89.9948,0.7689528871315193,0.7689528871315193,0.09920021891593933
471,194,80.0,0.25,0.5,0.25,6.4868,6.4866,24.2321,90.0088,90.0037,119.9938,0.5657367172939655,0.5657367172939655,0.2746671438217163
472,12,80.0,0.875,0.125,0.0,24.0124,5.9202,5.6981,89.9991,103.9713,90.0002,0.662020959217855,0.662020959217855,0.021934568881988525
473,194,80.0,0.0,0.7188,0.2812,6.5924,6.5923,24.4606,89.995,90.0031,119.9904,0.5657367172939655,0.5657367172939655,0.09913840889930725
474,206,80.0,0.5,0.25,0.25,9.4158,9.4154,9.4155,90.0026,90.0031,89.9976,0.7689528871315193,0.7689528871315193,0.1966065764427185
475,12,80.0,0.4375,0.25,0.3125,24.3844,6.2195,6.1079,89.9997,104.6791,90.0001,0.662020959217855,0.662020959217855,0.1578502655029297
476,33,80.0,0.7812,0.1875,0.0312,9.9139,8.5152,9.1444,90.0042,90.0023,90.0014,0.787008921310315,0.787008921310315,0.08446469902992249
477,12,80.0,0.0,0.25,0.75,24.7238,6.5888,6.6469,90.0003,105.6108,90.0,0.662020959217855,0.662020959217855,0.13842517137527466
478,227,40.0,0.875,0.0,0.125,5.7784,5.7782,14.1342,89.9987,90.0027,119.99600000000001,0.3897790241986628,0.3897790241986628,0.2703377604484558
479,12,80.0,0.0312,0.5,0.4688,24.7655,6.4225,6.3512,90.0002,104.9427,90.0001,0.662020959217855,0.662020959217855,0.14784997701644897
480,12,80.0,0.375,0.375,0.25,24.4659,6.2023,6.0565,89.9998,104.4912,90.0001,0.662020959217855,0.662020959217855,0.11511832475662231
481,206,80.0,0.1875,0.0,0.8125,10.0455,10.0454,10.0457,90.0006,90.0008,89.9993,0.7689528871315193,0.7689528871315193,0.1192680299282074
482,194,80.0,0.7188,0.0312,0.25,6.3412,6.3408,23.8796,90.0127,90.0129,119.9989,0.5657367172939655,0.5657367172939655,0.33794111013412476
483,12,20.0,0.125,0.625,0.25,12.3629,3.1367,6.1075,90.0001,104.4048,90.0001,0.662020959217855,0.662020959217855,0.1705680787563324
484,33,80.0,0.2188,0.0938,0.6875,10.9048,9.2901,9.9158,90.0012,89.9982,90.0003,0.787008921310315,0.787008921310315,0.2239508330821991
485,194,80.0,0.0,0.4688,0.5312,6.7765,6.7761,24.7824,89.9993,89.9958,119.9877,0.5657367172939655,0.5657367172939655,0.05063179135322571
486,33,80.0,0.0625,0.3438,0.5938,10.8738,9.2737,9.8959,89.9993,89.9984,90.0001,0.787008921310315,0.787008921310315,0.16613060235977173
487,12,80.0,0.4062,0.3438,0.25,24.4334,6.1934,6.0501,89.9997,104.5021,90.0001,0.662020959217855,0.662020959217855,0.13096800446510315
488,206,80.0,0.1562,0.5,0.3438,9.642999999999999,9.6429,9.6427,90.0034,90.0032,89.9959,0.7689528871315193,0.7689528871315193,0.18355774879455566
489,167,30.0,0.4167,0.1667,0.4167,5.1726,5.1722,13.8849,89.9941,90.006,120.0012,1.0633874388063722,1.0633874388063722,0.2113935947418213
490,227,40.0,0.4375,0.25,0.3125,10.2905,5.961,14.6799,90.9458,91.0978,30.3261,0.3897790241986628,0.3897790241986628,0.3137551546096802
491,206,80.0,0.5,0.2812,0.2188,9.3881,9.3877,9.3878,90.0028,90.0033,89.9973,0.7689528871315193,0.7689528871315193,0.19004949927330017
492,12,80.0,0.3125,0.3125,0.375,24.4979,6.2901,6.1976,89.9999,104.7989,90.0001,0.662020959217855,0.662020959217855,0.17044183611869812
493,194,80.0,0.3125,0.0938,0.5938,6.7209,6.7204,24.6274,90.016,90.0045,119.9901,0.5657367172939655,0.5657367172939655,0.30922916531562805
494,227,40.0,0.5,0.1875,0.3125,6.0277,6.0259,14.737,90.0623,88.116,120.0356,0.3897790241986628,0.3897790241986628,0.3054797947406769
495,194,80.0,0.1875,0.0,0.8125,6.9226,6.9220000000000015,25.0033,90.02,89.995,119.9868,0.5657367172939655,0.5657367172939655,0.25924593210220337
496,12,80.0,0.0,0.4375,0.5625,24.7732,6.4839,6.4539,90.0003,105.1649,90.0,0.662020959217855,0.662020959217855,0.02587220072746277
497,206,80.0,0.375,0.4062,0.2188,9.4405,9.4402,9.4402,90.0033,90.0035,89.9965,0.7689528871315193,0.7689528871315193,0.1795746088027954
498,206,80.0,0.375,0.375,0.25,9.4682,9.4679,9.4679,90.0031,90.0033,89.9967,0.7689528871315193,0.7689528871315193,0.1827699840068817
499,12,80.0,0.4375,0.25,0.3125,24.3844,6.2195,6.1079,89.9997,104.6791,90.0001,0.662020959217855,0.662020959217855,0.1578502655029297
500,206,80.0,0.0625,0.0625,0.875,10.1533,10.1533,10.1535,90.0008,90.0008,89.9989,0.7689528871315193,0.7689528871315193,0.07442173361778259
501,227,40.0,0.375,0.3125,0.3125,10.3171,5.9767,14.7204,90.9666,91.1224,30.3317,0.3897790241986628,0.3897790241986628,0.30210670828819275
502,33,80.0,0.6875,0.0625,0.25,10.2003,8.7361,9.3657,90.0042,90.0015,90.0009,0.787008921310315,0.787008921310315,0.1917179822921753
503,33,80.0,0.0312,0.0312,0.9375,11.2697,9.5747,10.1995,90.0001,89.9959,90.0003,0.787008921310315,0.787008921310315,0.17202794551849365
504,227,40.0,0.375,0.3125,0.3125,6.0247,6.0248,14.8198,89.9984,89.9978,120.0007,0.3897790241986628,0.3897790241986628,0.30505990982055664
505,33,80.0,0.1875,0.3438,0.4688,10.6767,9.119,9.7422,90.0001,89.9995,90.0003,0.787008921310315,0.787008921310315,0.20311874151229858
506,227,40.0,0.5,0.1875,0.3125,10.274000000000001,5.9474,14.4746,87.8994,87.5778,30.266,0.3897790241986628,0.3897790241986628,0.2859712243080139
507,227,40.0,0.0,0.1875,0.8125,6.428999999999999,6.428999999999999,15.7826,90.0,89.9933,120.0012,0.3897790241986628,0.3897790241986628,0.2733684778213501
508,227,40.0,0.1875,0.8125,0.0,9.9875,5.8047,14.3668,91.34899999999999,91.5671,30.6525,0.3897790241986628,0.3897790241986628,0.12558138370513916
509,206,80.0,0.0,0.125,0.875,10.1795,10.1795,10.1797,90.001,90.0009,89.9985,0.7689528871315193,0.7689528871315193,0.04573601484298706
510,194,80.0,0.2812,0.5938,0.125,6.3844,6.3843,24.0478,90.0109,90.00299999999999,119.99600000000001,0.5657367172939655,0.5657367172939655,0.20070433616638184
511,12,20.0,0.375,0.5,0.125,12.2494,3.0662,5.9283,89.9997,104.1484,90.0001,0.662020959217855,0.662020959217855,0.07759994268417358
512,33,80.0,0.4375,0.375,0.1875,10.2479,8.7833,9.4081,90.0016,90.0015,90.001,0.787008921310315,0.787008921310315,0.16999569535255432
513,12,80.0,0.0,0.8438,0.1562,24.8804,6.2565,6.037000000000001,90.0002,104.1052,90.0001,0.662020959217855,0.662020959217855,0.025083541870117188
514,194,10.0,0.5,0.0,0.5,3.2964,3.2962,12.1828,90.0168,90.0124,119.9929,0.5657367172939655,0.5657367172939655,0.4671327769756317
515,33,40.0,0.125,0.875,0.0,5.093,8.7506,9.3683,89.9976,90.0019,90.00200000000002,0.787008921310315,0.787008921310315,0.04354742169380188
516,12,80.0,0.25,0.4062,0.3438,24.5711,6.2903,6.1782,89.9999,104.6964,90.0001,0.662020959217855,0.662020959217855,0.13089525699615479
517,194,80.0,0.8438,0.0625,0.0938,6.1884,6.188,23.5849,90.0104,90.0067,120.0031,0.5657367172939655,0.5657367172939655,0.2391205132007599
518,33,80.0,0.0312,0.0938,0.875,11.2004,9.5222,10.1465,89.9999,89.9964,90.0002,0.787008921310315,0.787008921310315,0.16791972517967224
519,206,80.0,0.5312,0.4688,0.0,9.1811,9.1807,9.1806,90.0043,90.0045,89.9961,0.7689528871315193,0.7689528871315193,0.10134300589561462
520,33,80.0,0.5625,0.0938,0.3438,10.3628,8.8646,9.493,90.0034,90.001,90.0007,0.787008921310315,0.787008921310315,0.21868392825126648
521,206,80.0,0.0625,0.0312,0.9062,10.181000000000001,10.181000000000001,10.1813,90.0006,90.0007,89.9991,0.7689528871315193,0.7689528871315193,0.06921163201332092
522,206,80.0,0.4688,0.375,0.1562,9.3458,9.3454,9.3454,90.0034,90.0037,89.9967,0.7689528871315193,0.7689528871315193,0.16650530695915222
523,206,80.0,0.0,0.25,0.75,10.0687,10.0687,10.0687,90.0016,90.0015,89.9977,0.7689528871315193,0.7689528871315193,0.07689803838729858
524,33,80.0,0.4375,0.1875,0.375,10.4559,8.9407,9.5672,90.0023,90.0006,90.0006,0.787008921310315,0.787008921310315,0.21026498079299927
525,167,60.0,0.8333,0.0,0.1667,9.8796,4.9396,13.3968,89.9871,90.0137,120.0018,1.0633874388063722,1.0633874388063722,0.14182329177856445
526,33,40.0,0.75,0.0,0.25,5.0856,8.7112,9.3419,90.0048,90.0016,90.0008,0.787008921310315,0.787008921310315,0.18741822242736816
527,167,30.0,0.75,0.25,0.0,4.8741,4.8738,13.2515,89.9879,90.0131,120.0014,1.0633874388063722,1.0633874388063722,0.03683754801750183
528,227,40.0,0.625,0.0,0.375,6.0327,6.0321,14.2345,90.0137,90.0032,120.0018,0.3897790241986628,0.3897790241986628,0.33172255754470825
529,194,80.0,0.2812,0.375,0.3438,6.546,6.5457,24.3292,90.0104,90.0042,119.9928,0.5657367172939655,0.5657367172939655,0.24724113941192627
530,206,80.0,0.0,0.8438,0.1562,9.5422,9.5422,9.5418,90.0053,90.0045,89.9936,0.7689528871315193,0.7689528871315193,0.11665672063827515
531,33,80.0,0.0938,0.4375,0.4688,10.7205,9.1564,9.7779,89.9992,89.9993,90.0003,0.787008921310315,0.787008921310315,0.17314806580543518
532,12,80.0,0.3125,0.6875,0.0,24.5968,6.0802,5.8132,89.9998,103.7689,90.0002,0.662020959217855,0.662020959217855,0.023147374391555786
533,12,20.0,0.0,0.625,0.375,12.4114,3.1895,6.2612,90.0002,104.6927,90.0001,0.662020959217855,0.662020959217855,0.13109400868415833
534,12,80.0,0.3125,0.5625,0.125,24.5638,6.1501,5.9411,89.9998,104.1265,90.0001,0.662020959217855,0.662020959217855,0.0937441885471344
535,206,80.0,0.0,0.3438,0.6562,9.9855,9.9855,9.9855,90.0022,90.0019,89.99700000000001,0.7689528871315193,0.7689528871315193,0.09898492693901062
536,33,80.0,0.0938,0.1562,0.75,11.0325,9.3924,10.0166,90.0001,89.9975,90.0002,0.787008921310315,0.787008921310315,0.19706642627716064
537,206,80.0,0.125,0.0,0.875,10.1271,10.127,10.1273,90.0005,90.0007,89.9993,0.7689528871315193,0.7689528871315193,0.08959212899208069
538,33,40.0,0.875,0.125,0.0,4.9177,8.4516,9.0821,90.0049,90.0024,90.0014,0.787008921310315,0.787008921310315,0.044821739196777344
539,206,80.0,0.125,0.875,0.0,9.3513,9.3512,9.3507,90.0059,90.0051,89.9933,0.7689528871315193,0.7689528871315193,0.08380737900733948
540,227,40.0,0.8125,0.0,0.1875,9.751,5.6595,13.963,90.9688,91.1227,30.5186,0.3897790241986628,0.3897790241986628,0.29222923517227173
541,12,80.0,0.5625,0.0,0.4375,24.2215,6.2539,6.211,89.9996,105.0442,90.0001,0.662020959217855,0.662020959217855,0.24764776229858398
542,33,80.0,0.5938,0.3125,0.0938,10.0708,8.6424,9.269,90.0027,90.00200000000002,90.0013,0.787008921310315,0.787008921310315,0.12414592504501343
543,227,40.0,0.5625,0.125,0.3125,6.0095,6.0088,14.192,90.0146,90.0029,120.0021,0.3897790241986628,0.3897790241986628,0.3186514973640442
544,227,40.0,0.6875,0.0,0.3125,5.9643,5.9639999999999995,14.544,90.0301,89.9857,120.0018,0.3897790241986628,0.3897790241986628,0.36299756169319153
545,206,80.0,0.6875,0.0312,0.2812,9.365,9.3644,9.3647,90.0017,90.0026,89.9991,0.7689528871315193,0.7689528871315193,0.21549063920974731
546,167,30.0,0.75,0.0833,0.1667,4.9604,4.9602,13.4383,89.9886,90.0123,120.0016,1.0633874388063722,1.0633874388063722,0.1455756425857544
547,227,40.0,0.4375,0.25,0.3125,10.3013,5.9635,14.5094,87.9248,87.6072,30.2714,0.3897790241986628,0.3897790241986628,0.2919567823410034
548,206,80.0,0.5,0.3125,0.1875,9.3604,9.36,9.3601,90.0031,90.0034,89.9971,0.7689528871315193,0.7689528871315193,0.19225287437438965
549,167,30.0,0.75,0.25,0.0,4.8741,4.8738,13.2515,89.9879,90.0131,120.0014,1.0633874388063722,1.0633874388063722,0.03683754801750183
550,227,40.0,0.5,0.25,0.25,9.8692,5.7321,14.1649,91.1615,91.3477,30.5864,0.3897790241986628,0.3897790241986628,0.2789475917816162
551,206,80.0,0.0938,0.125,0.7812,10.0571,10.057,10.0572,90.0011,90.0012,89.9985,0.7689528871315193,0.7689528871315193,0.10453251004219055
552,167,30.0,0.5,0.25,0.25,5.0655,5.0652,13.6565,89.9928,90.0079,120.0012,1.0633874388063722,1.0633874388063722,0.18400520086288452
553,227,40.0,0.25,0.4375,0.3125,6.0841,6.0842,14.805,90.0097,89.9857,119.9987,0.3897790241986628,0.3897790241986628,0.29087120294570923
554,194,10.0,0.25,0.5,0.25,3.2434,3.2433,12.1161,90.0088,90.0037,119.9938,0.5657367172939655,0.5657367172939655,0.29636889696121216
555,33,80.0,0.5,0.2812,0.2188,10.2533,8.7846,9.4108,90.0023,90.0014,90.0009,0.787008921310315,0.787008921310315,0.17826277017593384
556,194,80.0,0.0625,0.9375,0.0,6.3644,6.3645,24.0519,90.0014,90.007,119.995,0.5657367172939655,0.5657367172939655,0.1780763864517212
557,33,80.0,0.5312,0.4062,0.0625,10.0654,8.6411,9.2663,90.00200000000002,90.00200000000002,90.0015,0.787008921310315,0.787008921310315,0.10268279910087585
558,33,80.0,0.125,0.0938,0.7812,11.0526,9.4062,10.0311,90.0005,89.9973,90.0002,0.787008921310315,0.787008921310315,0.2136792540550232
559,167,30.0,0.5833,0.0833,0.3333,5.0881,5.0878,13.7084,89.9916,90.0089,120.0015,1.0633874388063722,1.0633874388063722,0.21301528811454773
560,194,80.0,0.0,0.4062,0.5938,6.8226,6.8221,24.8628,90.0012,89.9937,119.9871,0.5657367172939655,0.5657367172939655,0.10149440169334412
561,206,80.0,0.5,0.1875,0.3125,9.4712,9.4708,9.471,90.0022,90.0027,89.99799999999998,0.7689528871315193,0.7689528871315193,0.21305018663406372
562,33,40.0,0.5,0.0,0.5,5.2826,9.0207,9.6494,90.0033,90.0001,90.0006,0.787008921310315,0.787008921310315,0.2271164059638977
563,206,80.0,0.5625,0.4375,0.0,9.168,9.1675,9.1675,90.0042,90.0044,89.9963,0.7689528871315193,0.7689528871315193,0.10334035754203796
564,227,40.0,0.1875,0.0625,0.75,6.3388,6.3385,15.4937,89.9839,90.0166,119.9914,0.3897790241986628,0.3897790241986628,0.3203470706939697
565,206,80.0,0.5,0.5,0.0,9.1942,9.1938,9.1937,90.0044,90.0045,89.9959,0.7689528871315193,0.7689528871315193,0.10098478198051453
566,194,10.0,0.5,0.0,0.5,3.2964,3.2962,12.1828,90.0168,90.0124,119.9929,0.5657367172939655,0.5657367172939655,0.4671327769756317
567,227,40.0,0.3125,0.5,0.1875,10.2177,5.9187,14.5809,90.9034,91.0498,30.3243,0.3897790241986628,0.3897790241986628,0.23932424187660217
568,206,80.0,0.3438,0.0,0.6562,9.8415,9.8412,9.8416,90.0008,90.0013,89.9993,0.7689528871315193,0.7689528871315193,0.195631742477417
569,194,80.0,0.5,0.1875,0.3125,6.4539,6.4536,24.1244,90.0147,90.0086,119.9956,0.5657367172939655,0.5657367172939655,0.2791481614112854
570,194,80.0,0.25,0.4062,0.3438,6.5561,6.5558,24.3527,90.0092,90.0037,119.9925,0.5657367172939655,0.5657367172939655,0.23178789019584656
571,167,30.0,0.0,0.25,0.75,5.4486,5.4481,14.4666,89.9988,89.9993,120.0009,1.0633874388063722,1.0633874388063722,0.1255193054676056
572,167,30.0,0.5833,0.0833,0.3333,5.0881,5.0878,13.7084,89.9916,90.0089,120.0015,1.0633874388063722,1.0633874388063722,0.21301528811454773
573,12,80.0,0.25,0.5,0.25,24.5958,6.2379,6.0820000000000025,89.9999,104.4479,90.0001,0.662020959217855,0.662020959217855,0.11110058426856995
574,12,20.0,0.625,0.375,0.0,12.1361,2.9957,5.7492,89.9994,103.8806,90.0002,0.662020959217855,0.662020959217855,0.03183981776237488
575,227,40.0,0.8125,0.125,0.0625,5.7777,5.7775,13.8926,90.0038,89.9954,119.9992,0.3897790241986628,0.3897790241986628,0.25409603118896484
576,227,40.0,0.0,0.25,0.75,6.3907,6.3907,15.6948,89.9996,89.9939,120.0011,0.3897790241986628,0.3897790241986628,0.2662167251110077
577,33,40.0,0.1875,0.0625,0.75,5.4944,9.355,9.9808,90.0011,89.9977,90.0003,0.787008921310315,0.787008921310315,0.22146406769752502
578,206,80.0,0.2812,0.0,0.7188,9.9231,9.9229,9.9232,90.0007,90.0011,89.9993,0.7689528871315193,0.7689528871315193,0.16386356949806213
579,167,30.0,0.0,0.5,0.5,5.319,5.3184,14.1862,89.9999,89.9995,120.0005,1.0633874388063722,1.0633874388063722,0.1413051187992096
580,167,30.0,0.4167,0.5833,0.0,4.9566,4.9562,13.4178,89.9938,90.0075,120.0007,1.0633874388063722,1.0633874388063722,0.06550508737564087
581,206,80.0,0.0,0.3125,0.6875,10.0132,10.0133,10.0133,90.00200000000002,90.0018,89.9973,0.7689528871315193,0.7689528871315193,0.09191131591796875
582,33,80.0,0.375,0.0625,0.5625,10.6931,9.1229,9.7501,90.0023,89.9994,90.0005,0.787008921310315,0.787008921310315,0.2358892858028412
583,206,80.0,0.0,0.5,0.5,9.847000000000001,9.847000000000001,9.8468,90.0031,90.0027,89.99600000000002,0.7689528871315193,0.7689528871315193,0.12102442979812622
584,33,80.0,0.1562,0.0938,0.75,11.0033,9.3675,9.9927,90.0008,89.9976,90.0003,0.787008921310315,0.787008921310315,0.21543437242507935
585,167,30.0,0.9167,0.0833,0.0,4.8328,4.8326,13.1683,89.9848,90.016,120.0018,1.0633874388063722,1.0633874388063722,0.014866918325424194
586,167,30.0,0.9167,0.0833,0.0,4.8328,4.8326,13.1683,89.9848,90.016,120.0018,1.0633874388063722,1.0633874388063722,0.014866918325424194
587,167,60.0,0.75,0.0833,0.1667,9.9209,4.9602,13.4383,89.9886,90.0123,120.0016,1.0633874388063722,1.0633874388063722,0.14676055312156677
588,227,40.0,0.3125,0.125,0.5625,6.2092,6.2047,15.2068,90.0431,86.7469,120.0113,0.3897790241986628,0.3897790241986628,0.31738540530204773
589,227,40.0,0.375,0.625,0.0,10.0383,5.8109,14.0393,90.7086,90.8207,30.2602,0.3897790241986628,0.3897790241986628,0.12382683157920837
590,12,20.0,0.5,0.5,0.0,12.200999999999999,3.0134,5.7748,89.9995,103.8357,90.0002,0.662020959217855,0.662020959217855,0.034770458936691284
591,167,30.0,0.25,0.0,0.75,5.3867,5.3862,14.3418,89.9956,90.0029,120.0014,1.0633874388063722,1.0633874388063722,0.19152018427848816
592,167,30.0,0.0,0.1667,0.8333,5.4918,5.4913,14.56,89.9984,89.9993,120.001,1.0633874388063722,1.0633874388063722,0.11505866050720215
593,167,30.0,0.5,0.5,0.0,4.936,4.9356,13.3762,89.9923,90.0089,120.0009,1.0633874388063722,1.0633874388063722,0.064785897731781
594,227,40.0,0.125,0.875,0.0,10.0112,5.8192,14.4072,91.3859,91.6103,30.6656,0.3897790241986628,0.3897790241986628,0.10064226388931274
595,12,80.0,0.0,0.5938,0.4062,24.8145,6.3964,6.2933,90.0002,104.7733,90.0001,0.662020959217855,0.662020959217855,0.03238481283187866
596,33,40.0,0.125,0.0,0.875,5.5783,9.4849,10.1107,90.0008,89.9967,90.0004,0.787008921310315,0.787008921310315,0.21316900849342346
597,194,80.0,0.0,0.25,0.75,6.9377,6.9372,25.0641,90.0072,89.988,119.9857,0.5657367172939655,0.5657367172939655,0.11473709344863892
598,33,40.0,0.625,0.0,0.375,5.1841,8.8659,9.4956,90.0041,90.0009,90.0007,0.787008921310315,0.787008921310315,0.21720466017723083
599,206,80.0,0.375,0.3438,0.2812,9.4959,9.4956,9.4956,90.0029,90.0031,89.9969,0.7689528871315193,0.7689528871315193,0.18535491824150085
